,,run1,run2,run3,run4,run5,run6,run7,run8,run9,run10
WFBach,I:MAJ,0.8673835125448028,0.910394265232975,0.8279569892473119,0.9068100358422939,0.8673835125448028,0.931899641577061,0.931899641577061,0.8924731182795699,0.9139784946236559,0.8817204301075269
WFBach,V:MAJ,0.8907563025210085,0.8823529411764706,0.9243697478991597,0.8613445378151261,0.8781512605042017,0.8445378151260504,0.8739495798319328,0.9033613445378151,0.9117647058823529,0.8235294117647058
WFBach,IV:MAJ,0.078125,0.15625,0.1875,0.2734375,0.1484375,0.3125,0.1875,0.2265625,0.359375,0.171875
WFBach,II:MIN,0.43333333333333335,0.5222222222222223,0.5,0.4111111111111111,0.28888888888888886,0.3888888888888889,0.4111111111111111,0.3,0.25555555555555554,0.3
WFBach,VII:DIM,0.0,0.047058823529411764,0.1411764705882353,0.07058823529411765,0.0,0.023529411764705882,0.03529411764705882,0.03529411764705882,0.011764705882352941,0.03529411764705882
WFBach,VI:MIN,0.6216216216216216,0.6216216216216216,0.5675675675675675,0.5675675675675675,0.6216216216216216,0.5675675675675675,0.6486486486486487,0.5675675675675675,0.5675675675675675,0.5675675675675675
WFBach,#IV:DIM,0.02702702702702703,0.0,0.0,0.0,0.0,0.05405405405405406,0.0,0.0,0.0,0.0
WFBach,II:MAJ,0.03225806451612903,0.03225806451612903,0.03225806451612903,0.0967741935483871,0.0,0.06451612903225806,0.03225806451612903,0.03225806451612903,0.0,0.0
WFBach,#I:DIM,0.05555555555555555,0.2222222222222222,0.1111111111111111,0.0,0.05555555555555555,0.16666666666666666,0.05555555555555555,0.0,0.05555555555555555,0.1111111111111111
WFBach,III:MAJ,0.1875,0.1875,0.125,0.0625,0.0625,0.0,0.125,0.1875,0.1875,0.1875
WFBach,#V:DIM,0.0,0.0,0.0,0.0,0.0,0.0,0.0,0.0,0.0,0.0
WFBach,VI:MAJ,0.45454545454545453,0.36363636363636365,0.45454545454545453,0.36363636363636365,0.36363636363636365,0.45454545454545453,0.36363636363636365,0.45454545454545453,0.5454545454545454,0.36363636363636365
WFBach,I:AUG,0.0,0.0,0.0,0.0,0.0,0.0,0.0,0.0,0.0,0.0
WFBach,III:MIN,0.2,0.2,0.4,0.3,0.4,0.4,0.4,0.2,0.4,0.4
WFBach,V:AUG,0.0,0.0,0.0,0.0,0.0,0.0,0.0,0.0,0.0,0.0
WFBach,I:MIN,0.25,0.0,0.0,0.0,0.25,0.0,0.0,0.125,0.0,0.125
WFBach,III:DIM,0.0,0.0,0.0,0.0,0.0,0.0,0.0,0.0,0.0,0.0
WFBach,#II:DIM,0.0,0.0,0.0,0.0,0.0,0.0,0.0,0.0,0.0,0.0
WFBach,#IV:MAJ,0.0,0.0,0.16666666666666666,0.0,0.0,0.0,0.0,0.0,0.0,0.0
WFBach,bVII:MAJ,0.0,0.0,0.0,0.0,0.0,0.0,0.0,0.0,0.0,0.0
WFBach,V:MIN,0.0,0.0,0.0,0.0,0.0,0.0,0.0,0.0,0.0,0.0
WFBach,VII:MIN,0.0,0.0,0.0,0.0,0.0,0.0,0.0,0.0,0.0,0.0
WFBach,IV:MIN,0.0,0.0,0.0,0.0,0.0,0.0,0.0,0.0,0.0,0.0
WFBach,II:DIM,0.0,0.0,0.0,0.0,0.0,0.0,0.0,0.0,0.0,0.0
WFBach,bVI:MAJ,0.0,0.0,0.0,0.0,0.0,0.0,0.0,0.0,0.0,0.0
WFBach,VI:DIM,0.0,0.0,0.0,0.0,0.0,0.0,0.0,0.0,0.0,0.0
WFBach,global,0.5123106060606061,0.5416666666666666,0.5378787878787878,0.5378787878787878,0.5028409090909091,0.5445075757575758,0.5378787878787878,0.5265151515151515,0.5464015151515151,0.5009469696969697
Tchaikovsky,I:MAJ,0.7751196172248804,0.7655502392344498,0.7416267942583732,0.7607655502392344,0.7368421052631579,0.7703349282296651,0.8229665071770335,0.8086124401913876,0.7703349282296651,0.7799043062200957
Tchaikovsky,V:MAJ,0.7978142076502732,0.8032786885245902,0.8524590163934426,0.8524590163934426,0.7595628415300546,0.726775956284153,0.7704918032786885,0.8142076502732241,0.8087431693989071,0.7868852459016393
Tchaikovsky,VI:MIN,0.14814814814814814,0.14814814814814814,0.14814814814814814,0.14814814814814814,0.14814814814814814,0.14814814814814814,0.14814814814814814,0.14814814814814814,0.14814814814814814,0.14814814814814814
Tchaikovsky,VII:DIM,0.0,0.021739130434782608,0.0,0.0,0.0,0.0,0.0,0.0,0.0,0.0
Tchaikovsky,II:MIN,0.3611111111111111,0.4166666666666667,0.3611111111111111,0.3611111111111111,0.4166666666666667,0.4166666666666667,0.3611111111111111,0.3611111111111111,0.3611111111111111,0.3611111111111111
Tchaikovsky,II:MAJ,0.0,0.0,0.0,0.0,0.16666666666666666,0.0,0.0,0.0,0.0,0.08333333333333333
Tchaikovsky,IV:MAJ,0.375,0.375,0.375,0.375,0.25,0.2916666666666667,0.25,0.375,0.375,0.375
Tchaikovsky,#IV:DIM,0.0,0.1,0.0,0.0,0.0,0.0,0.0,0.0,0.2,0.1
Tchaikovsky,III:MIN,0.2777777777777778,0.16666666666666666,0.2777777777777778,0.2777777777777778,0.05555555555555555,0.2777777777777778,0.2777777777777778,0.2777777777777778,0.2777777777777778,0.2777777777777778
Tchaikovsky,II:DIM,0.0,0.0,0.0,0.0,0.0,0.0,0.0,0.0,0.0,0.0
Tchaikovsky,IV:MIN,0.0,0.0,0.0,0.0,0.0,0.0,0.0,0.0,0.0,0.18181818181818182
Tchaikovsky,#II:DIM,0.0,0.0,0.0,0.0,0.0,0.0,0.0,0.0,0.0,0.0
Tchaikovsky,VI:MAJ,0.0,0.0,0.1111111111111111,0.0,0.1111111111111111,0.0,0.0,0.0,0.0,0.0
Tchaikovsky,#I:DIM,0.0,0.0,0.0,0.0,0.0,0.0,0.0,0.0,0.0,0.0
Tchaikovsky,#IV:MAJ,0.0,0.0,0.0,0.0,0.0,0.0,0.0,0.0,0.0,0.0
Tchaikovsky,I:AUG,0.0,0.0,0.0,0.0,0.0,0.0,0.0,0.0,0.0,0.0
Tchaikovsky,#V:DIM,0.0,0.0,0.0,0.0,0.0,0.0,0.0,0.0,0.2857142857142857,0.0
Tchaikovsky,bVI:MAJ,0.0,0.0,0.0,0.0,0.0,0.0,0.0,0.0,0.0,0.0
Tchaikovsky,III:DIM,0.0,0.0,0.0,0.0,0.0,0.0,0.0,0.0,0.0,0.0
Tchaikovsky,bIII:MAJ,0.0,0.0,0.0,0.0,0.0,0.0,0.0,0.0,0.0,0.0
Tchaikovsky,III:MAJ,0.0,0.0,0.0,0.0,0.0,0.0,0.0,0.0,0.0,0.0
Tchaikovsky,V:AUG,0.0,0.0,0.0,0.0,0.0,0.0,0.0,0.0,0.0,0.0
Tchaikovsky,VII:MAJ,0.0,0.0,1.0,0.0,0.0,0.0,0.0,0.0,0.0,0.0
Tchaikovsky,I:MIN,0.0,0.0,0.0,0.0,0.0,0.0,0.0,0.0,0.0,0.0
Tchaikovsky,bVII:MIN,0.0,0.0,0.0,0.0,0.0,0.0,0.0,0.0,0.0,0.0
Tchaikovsky,global,0.4844632768361582,0.4872881355932203,0.4915254237288136,0.4943502824858757,0.4632768361581921,0.4646892655367232,0.4872881355932203,0.4985875706214689,0.4943502824858757,0.4915254237288136
Schumann,I:MAJ,0.8876404494382022,0.8370786516853933,0.8820224719101124,0.8764044943820225,0.9101123595505618,0.8595505617977528,0.8820224719101124,0.8651685393258427,0.8820224719101124,0.898876404494382
Schumann,V:MAJ,0.8497109826589595,0.7976878612716763,0.8670520231213873,0.8092485549132948,0.8497109826589595,0.815028901734104,0.8439306358381503,0.8497109826589595,0.8439306358381503,0.8323699421965318
Schumann,II:MIN,0.5,0.4375,0.4375,0.484375,0.40625,0.4375,0.390625,0.46875,0.390625,0.4375
Schumann,IV:MAJ,0.5098039215686274,0.5490196078431373,0.49019607843137253,0.5490196078431373,0.6666666666666666,0.45098039215686275,0.5098039215686274,0.7058823529411765,0.5098039215686274,0.5490196078431373
Schumann,VI:MIN,0.20588235294117646,0.2647058823529412,0.23529411764705882,0.20588235294117646,0.23529411764705882,0.23529411764705882,0.23529411764705882,0.23529411764705882,0.23529411764705882,0.23529411764705882
Schumann,#IV:DIM,0.08333333333333333,0.0,0.0,0.041666666666666664,0.16666666666666666,0.0,0.0,0.0,0.0,0.0
Schumann,II:MAJ,0.0,0.0,0.0,0.1,0.1,0.0,0.0,0.0,0.0,0.1
Schumann,VI:MAJ,0.0,0.05555555555555555,0.05555555555555555,0.16666666666666666,0.0,0.1111111111111111,0.05555555555555555,0.0,0.1111111111111111,0.05555555555555555
Schumann,VII:DIM,0.0,0.0,0.0,0.0,0.0,0.0,0.07142857142857142,0.0,0.0,0.07142857142857142
Schumann,III:MIN,0.7272727272727273,0.6363636363636364,0.5454545454545454,0.6363636363636364,0.45454545454545453,0.2727272727272727,0.6363636363636364,0.6363636363636364,0.2727272727272727,0.2727272727272727
Schumann,VII:MAJ,0.0,0.0,0.0,0.0,0.09090909090909091,0.0,0.0,0.0,0.0,0.0
Schumann,III:MAJ,0.0,0.0,0.125,0.25,0.0,0.125,0.0,0.0,0.0,0.0
Schumann,III:DIM,0.0,0.0,0.0,0.0,0.0,0.0,0.0,0.0,0.0,0.0
Schumann,#V:DIM,0.0,0.0,0.0,0.0,0.0,0.0,0.0,0.0,0.0,0.0
Schumann,#I:DIM,0.0,0.0,0.0,0.0,0.0,0.0,0.0,0.0,0.0,0.0
Schumann,#II:DIM,0.0,0.0,0.0,0.0,0.0,0.0,0.0,0.0,0.0,0.0
Schumann,IV:MIN,0.0,0.0,0.0,0.0,0.0,0.0,0.0,0.0,0.0,0.0
Schumann,I:MIN,0.0,0.0,0.0,0.0,0.0,0.0,0.0,0.0,0.0,0.0
Schumann,II:DIM,0.0,0.0,0.0,0.0,0.0,0.0,0.0,0.0,0.0,0.0
Schumann,V:MIN,0.0,0.0,0.0,0.0,0.0,0.0,0.0,0.0,0.0,0.0
Schumann,#IV:MAJ,0.0,0.0,0.0,0.0,0.0,0.0,0.0,0.0,0.0,0.0
Schumann,bVII:MAJ,0.0,0.0,0.0,0.0,0.0,0.0,0.0,0.0,0.0,0.0
Schumann,VI:DIM,0.0,0.0,0.0,0.0,0.0,0.0,0.0,0.0,0.0,0.0
Schumann,VII:MIN,0.0,0.0,0.0,0.0,0.0,0.0,0.0,0.0,0.0,0.0
Schumann,#I:MAJ,0.0,0.0,0.0,0.0,0.0,0.0,0.0,0.0,0.0,0.0
Schumann,bIII:MAJ,0.0,0.0,0.0,0.0,0.0,0.0,0.0,0.0,0.0,0.0
Schumann,global,0.5873261205564142,0.5564142194744977,0.5811437403400309,0.5826893353941267,0.6012364760432767,0.5548686244204019,0.5734157650695518,0.5904173106646059,0.5672333848531684,0.5795981452859351
Schubert,V:MAJ,0.8408163265306122,0.7591836734693878,0.8693877551020408,0.8653061224489796,0.8734693877551021,0.8285714285714286,0.8489795918367347,0.8081632653061225,0.8204081632653061,0.8653061224489796
Schubert,I:MAJ,0.8688524590163934,0.8975409836065574,0.8852459016393442,0.8729508196721312,0.8811475409836066,0.8688524590163934,0.8729508196721312,0.8770491803278688,0.889344262295082,0.8729508196721312
Schubert,IV:MAJ,0.3968253968253968,0.5238095238095238,0.5238095238095238,0.47619047619047616,0.47619047619047616,0.5396825396825397,0.47619047619047616,0.5555555555555556,0.4603174603174603,0.5079365079365079
Schubert,II:MIN,0.48717948717948717,0.48717948717948717,0.5128205128205128,0.5384615384615384,0.5128205128205128,0.5641025641025641,0.48717948717948717,0.48717948717948717,0.5384615384615384,0.5384615384615384
Schubert,II:MAJ,0.0,0.0,0.0,0.0,0.07407407407407407,0.0,0.0,0.07407407407407407,0.0,0.0
Schubert,VII:DIM,0.0,0.0,0.07692307692307693,0.0,0.0,0.0,0.0,0.07692307692307693,0.0,0.0
Schubert,VI:MIN,0.5384615384615384,0.5384615384615384,0.5384615384615384,0.5384615384615384,0.5384615384615384,0.5384615384615384,0.5384615384615384,0.5384615384615384,0.5384615384615384,0.5384615384615384
Schubert,III:MAJ,0.05555555555555555,0.16666666666666666,0.05555555555555555,0.16666666666666666,0.05555555555555555,0.0,0.2222222222222222,0.1111111111111111,0.05555555555555555,0.2222222222222222
Schubert,#I:DIM,0.058823529411764705,0.058823529411764705,0.058823529411764705,0.0,0.058823529411764705,0.0,0.058823529411764705,0.0,0.058823529411764705,0.0
Schubert,bVI:MAJ,0.13333333333333333,0.06666666666666667,0.06666666666666667,0.0,0.13333333333333333,0.0,0.06666666666666667,0.13333333333333333,0.2,0.2
Schubert,#IV:DIM,0.07142857142857142,0.0,0.0,0.0,0.0,0.07142857142857142,0.14285714285714285,0.07142857142857142,0.21428571428571427,0.0
Schubert,VI:MAJ,0.0,0.15384615384615385,0.0,0.0,0.0,0.15384615384615385,0.15384615384615385,0.0,0.15384615384615385,0.0
Schubert,II:DIM,0.15384615384615385,0.0,0.0,0.0,0.0,0.0,0.0,0.0,0.07692307692307693,0.15384615384615385
Schubert,IV:MIN,0.36363636363636365,0.0,0.0,0.09090909090909091,0.0,0.0,0.0,0.09090909090909091,0.0,0.09090909090909091
Schubert,I:MIN,0.09090909090909091,0.09090909090909091,0.0,0.18181818181818182,0.18181818181818182,0.0,0.0,0.09090909090909091,0.0,0.0
Schubert,#V:DIM,0.0,0.0,0.0,0.0,0.0,0.0,0.0,0.0,0.0,0.0
Schubert,#IV:MAJ,0.0,0.0,0.0,0.0,0.0,0.1111111111111111,0.0,0.0,0.0,0.0
Schubert,V:AUG,0.0,0.0,0.0,0.0,0.0,0.0,0.0,0.0,0.0,0.0
Schubert,V:MIN,0.0,0.0,0.0,0.0,0.0,0.0,0.0,0.0,0.0,0.0
Schubert,bIII:MAJ,0.14285714285714285,0.0,0.2857142857142857,0.0,0.14285714285714285,0.14285714285714285,0.0,0.0,0.0,0.14285714285714285
Schubert,bVII:MAJ,0.0,0.0,0.16666666666666666,0.0,0.0,0.0,0.0,0.0,0.0,0.0
Schubert,III:DIM,0.0,0.0,0.0,0.0,0.0,0.0,0.0,0.0,0.0,0.0
Schubert,#II:DIM,0.0,0.0,0.0,0.0,0.0,0.0,0.0,0.0,0.0,0.0
Schubert,VI:DIM,0.0,0.0,0.0,0.0,0.0,0.0,0.0,0.0,0.0,0.0
Schubert,V:DIM,0.0,0.0,0.0,0.0,0.0,0.0,0.0,0.0,0.0,0.0
Schubert,I:AUG,0.0,0.0,0.0,0.0,0.0,0.0,0.0,0.0,0.0,0.0
Schubert,VII:MAJ,0.0,0.0,0.0,0.0,0.0,0.0,0.0,0.0,0.0,0.0
Schubert,III:MIN,1.0,1.0,1.0,0.0,1.0,1.0,1.0,1.0,0.0,0.0
Schubert,global,0.5819477434679335,0.5700712589073634,0.5997624703087886,0.5890736342042755,0.5973871733966746,0.5831353919239906,0.5878859857482185,0.5843230403800475,0.5855106888361045,0.5973871733966746
Ravel,I:MAJ,0.5111111111111111,0.4888888888888889,0.5111111111111111,0.5777777777777777,0.5333333333333333,0.5555555555555556,0.6,0.5333333333333333,0.4444444444444444,0.5777777777777777
Ravel,IV:MAJ,0.2692307692307692,0.23076923076923078,0.34615384615384615,0.15384615384615385,0.2692307692307692,0.15384615384615385,0.15384615384615385,0.23076923076923078,0.2692307692307692,0.19230769230769232
Ravel,V:MAJ,0.52,0.44,0.56,0.56,0.48,0.6,0.48,0.6,0.56,0.64
Ravel,bVII:MAJ,0.0,0.0,0.0,0.0,0.0,0.0,0.0,0.0,0.0,0.0
Ravel,III:MIN,0.9166666666666666,0.9166666666666666,0.9166666666666666,0.8333333333333334,0.6666666666666666,0.5833333333333334,0.8333333333333334,0.9166666666666666,0.9166666666666666,0.75
Ravel,VI:MAJ,0.1111111111111111,0.0,0.0,0.1111111111111111,0.0,0.0,0.1111111111111111,0.1111111111111111,0.0,0.0
Ravel,VII:MAJ,0.0,0.0,0.3333333333333333,0.0,0.3333333333333333,0.3333333333333333,0.3333333333333333,0.1111111111111111,0.4444444444444444,0.0
Ravel,III:MAJ,0.0,0.0,0.0,0.0,0.0,0.0,0.0,0.0,0.0,0.0
Ravel,VII:DIM,0.0,0.0,0.0,0.0,0.0,0.0,0.0,0.0,0.0,0.0
Ravel,II:MIN,0.3333333333333333,0.3333333333333333,0.16666666666666666,0.0,0.3333333333333333,0.3333333333333333,0.3333333333333333,0.3333333333333333,0.3333333333333333,0.3333333333333333
Ravel,V:MIN,0.0,0.0,0.0,0.0,0.0,0.0,0.0,0.0,0.0,0.0
Ravel,#II:DIM,0.6,0.0,0.0,0.0,0.2,0.0,0.0,0.0,0.0,0.2
Ravel,II:MAJ,0.0,0.0,0.0,0.0,0.3333333333333333,0.0,0.0,0.0,0.0,0.0
Ravel,bVI:MAJ,0.3333333333333333,0.0,0.0,0.0,0.3333333333333333,0.3333333333333333,0.0,0.0,0.3333333333333333,0.3333333333333333
Ravel,I:MIN,0.0,0.0,0.0,0.0,0.0,0.0,0.0,0.0,0.0,0.0
Ravel,bII:MAJ,0.0,0.0,0.0,0.0,0.0,0.0,0.0,0.0,0.0,0.0
Ravel,#V:DIM,0.0,0.0,0.0,0.0,0.0,0.0,0.0,0.0,0.0,0.0
Ravel,VI:MIN,0.0,0.0,0.0,0.0,0.0,0.0,0.0,0.0,0.0,0.0
Ravel,#IV:DIM,0.0,0.0,0.0,0.0,0.0,0.0,0.0,0.0,0.0,0.0
Ravel,V:DIM,0.0,0.0,0.0,0.0,0.0,0.0,0.0,0.0,0.0,0.0
Ravel,II:DIM,0.0,0.0,0.0,0.0,0.0,0.0,0.0,0.0,0.0,0.0
Ravel,bIII:MAJ,0.0,0.0,0.0,0.0,1.0,0.0,0.0,0.0,0.0,0.0
Ravel,bVII:MIN,0.0,0.0,0.0,0.0,0.0,0.0,0.0,0.0,0.0,0.0
Ravel,global,0.31443298969072164,0.26804123711340205,0.31443298969072164,0.28350515463917525,0.30927835051546393,0.29381443298969073,0.30412371134020616,0.30927835051546393,0.30412371134020616,0.30927835051546393
Pleyel,I:MAJ,0.9207920792079208,0.9405940594059405,0.9306930693069307,0.9207920792079208,0.9257425742574258,0.9504950495049505,0.9356435643564357,0.9306930693069307,0.9356435643564357,0.9405940594059405
Pleyel,V:MAJ,0.8068181818181818,0.8068181818181818,0.8181818181818182,0.8181818181818182,0.8068181818181818,0.8125,0.8068181818181818,0.8465909090909091,0.9488636363636364,0.9375
Pleyel,IV:MAJ,0.8035714285714286,0.7857142857142857,0.8035714285714286,0.75,0.7678571428571429,0.7857142857142857,0.8392857142857143,0.75,0.6964285714285714,0.6607142857142857
Pleyel,II:MIN,0.5641025641025641,0.5384615384615384,0.5384615384615384,0.5384615384615384,0.5384615384615384,0.5384615384615384,0.5384615384615384,0.5384615384615384,0.5384615384615384,0.5384615384615384
Pleyel,VI:MIN,0.2916666666666667,0.2916666666666667,0.2916666666666667,0.2916666666666667,0.2916666666666667,0.2916666666666667,0.2916666666666667,0.2916666666666667,0.2916666666666667,0.2916666666666667
Pleyel,VII:DIM,0.0,0.0,0.05,0.05,0.0,0.0,0.0,0.0,0.0,0.05
Pleyel,#I:DIM,0.25,0.0,0.0,0.625,0.25,0.375,0.375,0.25,0.25,0.0
Pleyel,VI:MAJ,0.0,0.16666666666666666,0.0,0.0,0.0,0.16666666666666666,0.0,0.16666666666666666,0.16666666666666666,0.16666666666666666
Pleyel,#IV:DIM,0.0,0.0,0.0,0.0,0.0,0.0,0.0,0.0,0.0,0.0
Pleyel,II:MAJ,0.0,0.0,0.0,0.0,0.0,0.2,0.2,0.2,0.0,0.0
Pleyel,III:MAJ,0.5,0.0,0.5,0.0,0.0,0.0,0.0,0.25,0.0,0.0
Pleyel,#V:DIM,0.0,0.0,0.0,0.0,0.0,0.0,0.0,0.0,0.0,0.0
Pleyel,I:MIN,0.0,0.0,0.0,0.0,0.0,0.0,0.0,0.0,0.0,0.0
Pleyel,#II:DIM,0.0,0.0,0.0,0.0,0.0,0.0,0.0,0.0,0.0,0.0
Pleyel,III:MIN,0.0,0.0,0.0,0.0,0.0,0.0,0.0,0.0,0.0,0.0
Pleyel,I:AUG,0.0,0.0,0.0,0.0,0.0,0.0,0.0,0.0,0.0,0.0
Pleyel,IV:MIN,0.0,0.0,0.0,0.0,0.0,0.0,0.0,0.0,0.0,0.0
Pleyel,VI:DIM,0.0,0.0,0.0,0.0,0.0,0.0,0.0,0.0,0.0,0.0
Pleyel,III:DIM,0.0,0.0,0.0,0.0,0.0,0.0,0.0,0.0,0.0,0.0
Pleyel,II:DIM,0.0,0.0,0.0,0.0,0.0,0.0,0.0,0.0,0.0,0.0
Pleyel,global,0.7198581560283688,0.7180851063829787,0.723404255319149,0.7198581560283688,0.7127659574468085,0.7304964539007093,0.7269503546099291,0.7304964539007093,0.7553191489361702,0.74822695035461
Mozart,I:MAJ,0.9410864575363428,0.9372609028309105,0.913159908186687,0.949885233358837,0.9296097934200459,0.9204284621270085,0.936495791889824,0.9192807957153787,0.9120122417750574,0.9288446824789595
Mozart,V:MAJ,0.7996492766330556,0.7816747040771591,0.7514248136782113,0.7343270495396755,0.7689609820254274,0.791319596668128,0.9101271372205173,0.8000876808417361,0.7580008768084173,0.8649715037264357
Mozart,II:MIN,0.2752941176470588,0.2823529411764706,0.35764705882352943,0.24941176470588236,0.16,0.18,0.26823529411764707,0.18941176470588236,0.17411764705882352,0.27647058823529413
Mozart,IV:MAJ,0.6617250673854448,0.692722371967655,0.7088948787061995,0.6725067385444744,0.6792452830188679,0.5795148247978437,0.5336927223719676,0.6563342318059299,0.6765498652291105,0.5592991913746631
Mozart,VII:DIM,0.005235602094240838,0.015706806282722512,0.0,0.015706806282722512,0.0,0.020942408376963352,0.0,0.0,0.0,0.002617801047120419
Mozart,VI:MIN,0.21606648199445982,0.2077562326869806,0.21606648199445982,0.21052631578947367,0.21606648199445982,0.21606648199445982,0.21606648199445982,0.2188365650969529,0.21606648199445982,0.21052631578947367
Mozart,#IV:DIM,0.0044444444444444444,0.0044444444444444444,0.017777777777777778,0.0,0.017777777777777778,0.0,0.0,0.0,0.0,0.0
Mozart,II:MAJ,0.006711409395973154,0.03355704697986577,0.0,0.020134228187919462,0.006711409395973154,0.020134228187919462,0.020134228187919462,0.006711409395973154,0.013422818791946308,0.013422818791946308
Mozart,#I:DIM,0.05102040816326531,0.02040816326530612,0.01020408163265306,0.030612244897959183,0.02040816326530612,0.0,0.05102040816326531,0.030612244897959183,0.0,0.09183673469387756
Mozart,VI:MAJ,0.17105263157894737,0.013157894736842105,0.07894736842105263,0.11842105263157894,0.06578947368421052,0.13157894736842105,0.05263157894736842,0.10526315789473684,0.06578947368421052,0.039473684210526314
Mozart,III:MIN,0.06060606060606061,0.030303030303030304,0.045454545454545456,0.030303030303030304,0.030303030303030304,0.015151515151515152,0.015151515151515152,0.030303030303030304,0.015151515151515152,0.015151515151515152
Mozart,III:DIM,0.0,0.0,0.0,0.0,0.0,0.0,0.0,0.0,0.0,0.0
Mozart,#V:DIM,0.0,0.0,0.0,0.0,0.0,0.0,0.0,0.0,0.0,0.0
Mozart,I:MIN,0.022727272727272728,0.0,0.3181818181818182,0.22727272727272727,0.0,0.022727272727272728,0.18181818181818182,0.18181818181818182,0.20454545454545456,0.1590909090909091
Mozart,III:MAJ,0.1590909090909091,0.13636363636363635,0.20454545454545456,0.20454545454545456,0.13636363636363635,0.1590909090909091,0.1590909090909091,0.1590909090909091,0.22727272727272727,0.20454545454545456
Mozart,IV:MIN,0.10344827586206896,0.13793103448275862,0.20689655172413793,0.10344827586206896,0.13793103448275862,0.2413793103448276,0.13793103448275862,0.06896551724137931,0.10344827586206896,0.10344827586206896
Mozart,I:AUG,0.0,0.0,0.21428571428571427,0.0,0.0,0.0,0.0,0.0,0.0,0.0
Mozart,#IV:MAJ,0.0,0.0,0.0,0.0,0.0,0.0,0.0,0.07692307692307693,0.0,0.0
Mozart,bVI:MAJ,0.0,0.0,0.0,0.0,0.0,0.0,0.0,0.0,0.0,0.0
Mozart,II:DIM,0.0,0.0,0.1111111111111111,0.0,0.0,0.1111111111111111,0.1111111111111111,0.0,0.0,0.0
Mozart,#II:DIM,0.0,0.0,0.0,0.0,0.0,0.0,0.0,0.0,0.0,0.0
Mozart,V:MIN,0.0,0.0,0.0,0.0,0.0,0.0,0.0,0.0,0.0,0.0
Mozart,VII:MIN,0.0,0.0,0.0,0.0,0.0,0.0,0.0,0.0,0.0,0.0
Mozart,bVII:MAJ,0.0,0.0,0.0,0.0,0.0,0.0,0.0,0.0,0.0,0.0
Mozart,VI:DIM,0.0,0.0,0.0,0.0,0.0,0.0,0.0,0.0,0.0,0.0
Mozart,V:AUG,0.0,0.0,0.0,0.0,0.0,0.0,0.0,0.0,0.0,0.0
Mozart,bVII:MIN,0.0,0.0,0.0,0.0,0.0,0.0,0.0,0.0,0.0,0.0
Mozart,VII:MAJ,0.0,0.0,0.0,0.0,0.0,0.0,0.0,0.0,0.0,0.0
Mozart,global,0.6260232131948686,0.6217470983506415,0.6180818570555895,0.6096518020769701,0.601832620647526,0.599877825290165,0.6425167990226023,0.6094074526572999,0.5951130116065975,0.630665852168601
Monteverdi,I:MAJ,0.7336244541484717,0.759825327510917,0.777292576419214,0.7729257641921398,0.74235807860262,0.7554585152838428,0.7816593886462883,0.8122270742358079,0.8034934497816594,0.7248908296943232
Monteverdi,V:MAJ,0.675,0.65625,0.7,0.68125,0.70625,0.6375,0.575,0.61875,0.625,0.675
Monteverdi,IV:MAJ,0.40559440559440557,0.4405594405594406,0.40559440559440557,0.44755244755244755,0.34265734265734266,0.35664335664335667,0.34265734265734266,0.42657342657342656,0.35664335664335667,0.3986013986013986
Monteverdi,II:MIN,0.11926605504587157,0.1743119266055046,0.12844036697247707,0.08256880733944955,0.14678899082568808,0.1651376146788991,0.1834862385321101,0.14678899082568808,0.12844036697247707,0.1926605504587156
Monteverdi,VI:MIN,0.01020408163265306,0.02040816326530612,0.0,0.02040816326530612,0.01020408163265306,0.0,0.0,0.0,0.0,0.0
Monteverdi,VII:DIM,0.0,0.031746031746031744,0.0,0.0,0.047619047619047616,0.06349206349206349,0.0,0.047619047619047616,0.0,0.0
Monteverdi,III:MIN,0.0,0.0,0.0,0.0,0.0,0.0,0.0,0.0,0.0,0.017857142857142856
Monteverdi,II:MAJ,0.0,0.0,0.0,0.0,0.0,0.0,0.0,0.0,0.0,0.07692307692307693
Monteverdi,#IV:DIM,0.0,0.0,0.0,0.0,0.0,0.0,0.0,0.0,0.0,0.0
Monteverdi,bVII:MAJ,0.0,0.0,0.0,0.0,0.0,0.0,0.0,0.0,0.0,0.0
Monteverdi,I:MIN,0.0,0.0,0.0,0.0,0.0,0.0,0.0,0.0,0.0,0.125
Monteverdi,VI:MAJ,0.14285714285714285,0.0,0.0,0.0,0.0,0.0,0.0,0.0,0.0,0.0
Monteverdi,VII:MIN,0.0,0.0,0.0,0.0,0.0,0.0,0.0,0.0,0.0,0.0
Monteverdi,V:MIN,0.0,0.0,0.0,0.0,0.0,0.0,0.0,0.0,0.0,0.0
Monteverdi,III:MAJ,0.0,0.0,0.0,0.0,0.0,0.0,0.0,0.0,0.0,0.0
Monteverdi,IV:MIN,0.0,0.0,0.0,0.0,0.0,0.0,0.0,0.0,0.0,0.0
Monteverdi,VII:MAJ,0.0,0.0,0.0,0.0,0.0,0.0,0.0,0.0,0.0,0.0
Monteverdi,II:DIM,0.0,0.3333333333333333,0.3333333333333333,0.0,0.0,0.0,0.0,0.0,0.0,0.0
Monteverdi,#IV:MAJ,0.0,0.0,0.0,0.0,0.0,0.0,0.0,0.0,0.0,0.0
Monteverdi,bIII:MAJ,0.0,0.0,0.0,0.0,0.0,0.0,0.0,0.0,0.0,0.0
Monteverdi,global,0.3720682302771855,0.39019189765458423,0.38699360341151384,0.38486140724946694,0.3752665245202559,0.37100213219616207,0.3624733475479744,0.38912579957356075,0.3720682302771855,0.3784648187633262
Mendelssohn,I:MAJ,0.8573943661971831,0.823943661971831,0.8644366197183099,0.7966549295774648,0.846830985915493,0.8204225352112676,0.7834507042253521,0.8503521126760564,0.835387323943662,0.8265845070422535
Mendelssohn,V:MAJ,0.775375939849624,0.7340225563909775,0.7857142857142857,0.8016917293233082,0.7951127819548872,0.7622180451127819,0.8308270676691729,0.7640977443609023,0.743421052631579,0.8157894736842105
Mendelssohn,II:MIN,0.3760330578512397,0.4090909090909091,0.40082644628099173,0.3822314049586777,0.38016528925619836,0.40082644628099173,0.4359504132231405,0.390495867768595,0.4049586776859504,0.3822314049586777
Mendelssohn,IV:MAJ,0.4863636363636364,0.4727272727272727,0.4409090909090909,0.38636363636363635,0.3886363636363636,0.42954545454545456,0.4022727272727273,0.42272727272727273,0.44772727272727275,0.4159090909090909
Mendelssohn,VI:MIN,0.4099526066350711,0.4004739336492891,0.4099526066350711,0.4146919431279621,0.4146919431279621,0.4028436018957346,0.4146919431279621,0.4004739336492891,0.4146919431279621,0.4052132701421801
Mendelssohn,VII:DIM,0.0,0.0,0.019178082191780823,0.0,0.0027397260273972603,0.0027397260273972603,0.0,0.0,0.00821917808219178,0.0
Mendelssohn,#IV:DIM,0.027131782945736434,0.027131782945736434,0.031007751937984496,0.031007751937984496,0.015503875968992248,0.0,0.003875968992248062,0.05426356589147287,0.007751937984496124,0.015503875968992248
Mendelssohn,II:MAJ,0.05752212389380531,0.030973451327433628,0.017699115044247787,0.022123893805309734,0.022123893805309734,0.061946902654867256,0.05309734513274336,0.017699115044247787,0.05309734513274336,0.048672566371681415
Mendelssohn,III:MAJ,0.20103092783505155,0.30927835051546393,0.28350515463917525,0.21649484536082475,0.04639175257731959,0.24742268041237114,0.25257731958762886,0.37628865979381443,0.07216494845360824,0.25773195876288657
Mendelssohn,#I:DIM,0.0,0.14388489208633093,0.17266187050359713,0.007194244604316547,0.07913669064748201,0.10071942446043165,0.28776978417266186,0.09352517985611511,0.07194244604316546,0.0
Mendelssohn,VI:MAJ,0.13953488372093023,0.20155038759689922,0.1937984496124031,0.34108527131782945,0.2248062015503876,0.10077519379844961,0.20930232558139536,0.08527131782945736,0.3333333333333333,0.023255813953488372
Mendelssohn,#V:DIM,0.020202020202020204,0.0,0.050505050505050504,0.0,0.020202020202020204,0.0,0.0,0.0,0.0707070707070707,0.0
Mendelssohn,IV:MIN,0.1827956989247312,0.15053763440860216,0.12903225806451613,0.13978494623655913,0.10752688172043011,0.25806451612903225,0.23655913978494625,0.16129032258064516,0.17204301075268819,0.10752688172043011
Mendelssohn,III:MIN,0.32941176470588235,0.3176470588235294,0.3764705882352941,0.4117647058823529,0.36470588235294116,0.27058823529411763,0.36470588235294116,0.4470588235294118,0.4,0.4823529411764706
Mendelssohn,III:DIM,0.0,0.0,0.0,0.0,0.0,0.0,0.0,0.0,0.0,0.0
Mendelssohn,#II:DIM,0.0,0.0,0.0,0.0,0.0,0.0,0.0,0.0,0.0,0.0
Mendelssohn,VII:MAJ,0.06349206349206349,0.0,0.0,0.12698412698412698,0.0,0.0,0.0,0.047619047619047616,0.0,0.0
Mendelssohn,I:MIN,0.037037037037037035,0.07407407407407407,0.1111111111111111,0.037037037037037035,0.037037037037037035,0.09259259259259259,0.07407407407407407,0.05555555555555555,0.1111111111111111,0.037037037037037035
Mendelssohn,bVII:MAJ,0.0,0.0,0.0,0.057692307692307696,0.0,0.038461538461538464,0.0,0.0,0.0,0.0
Mendelssohn,V:MIN,0.0,0.0,0.0,0.06,0.0,0.0,0.0,0.0,0.04,0.0
Mendelssohn,II:DIM,0.0,0.0,0.0,0.0625,0.020833333333333332,0.020833333333333332,0.0,0.041666666666666664,0.0,0.0
Mendelssohn,I:AUG,0.0,0.0,0.0,0.2,0.0,0.0,0.0,0.0,0.0,0.0
Mendelssohn,bIII:MAJ,0.0,0.15384615384615385,0.0,0.0,0.05128205128205128,0.05128205128205128,0.0,0.1282051282051282,0.0,0.0
Mendelssohn,bVI:MAJ,0.4642857142857143,0.07142857142857142,0.0,0.2857142857142857,0.25,0.39285714285714285,0.07142857142857142,0.5,0.5357142857142857,0.10714285714285714
Mendelssohn,VI:DIM,0.0,0.0,0.0,0.0,0.0,0.0,0.0,0.0,0.0,0.0
Mendelssohn,V:AUG,0.0,0.0,0.0,0.0,0.0,0.0,0.0,0.0,0.0,0.0
Mendelssohn,bII:MAJ,0.0,0.0,0.0,0.0,0.0,0.0,0.0,0.0,0.0,0.0
Mendelssohn,#IV:MAJ,0.0,0.0,0.0,0.14285714285714285,0.0,0.14285714285714285,0.14285714285714285,0.0,0.0,0.0
Mendelssohn,V:DIM,0.0,0.0,0.0,0.0,0.0,0.0,0.0,0.0,0.0,0.0
Mendelssohn,VII:MIN,0.0,0.0,0.0,0.0,0.0,0.0,0.0,0.0,0.0,0.0
Mendelssohn,bVII:MIN,0.0,0.0,0.0,0.0,0.0,0.0,0.0,0.0,0.0,0.0
Mendelssohn,global,0.43960084033613445,0.43154761904761907,0.4476540616246499,0.4327731092436975,0.42927170868347336,0.42979691876750703,0.4422268907563025,0.4408263305322129,0.4327731092436975,0.4324229691876751
Liszt,I:MAJ,0.8025889967637541,0.7411003236245954,0.8349514563106796,0.7475728155339806,0.7346278317152104,0.7443365695792881,0.8317152103559871,0.7216828478964401,0.7993527508090615,0.7443365695792881
Liszt,V:MAJ,0.7703703703703704,0.7444444444444445,0.762962962962963,0.7185185185185186,0.7333333333333333,0.7592592592592593,0.7555555555555555,0.7888888888888889,0.7555555555555555,0.7296296296296296
Liszt,IV:MAJ,0.31666666666666665,0.31666666666666665,0.26666666666666666,0.325,0.2916666666666667,0.2916666666666667,0.38333333333333336,0.3,0.31666666666666665,0.4083333333333333
Liszt,II:MIN,0.21428571428571427,0.2857142857142857,0.19047619047619047,0.25,0.2619047619047619,0.15476190476190477,0.15476190476190477,0.2976190476190476,0.15476190476190477,0.27380952380952384
Liszt,VI:MIN,0.12,0.12,0.12,0.12,0.12,0.12,0.12,0.12,0.12,0.12
Liszt,VII:DIM,0.0,0.0,0.0,0.0,0.0,0.0,0.0,0.02857142857142857,0.0,0.0
Liszt,#IV:DIM,0.04,0.0,0.0,0.04,0.08,0.0,0.0,0.0,0.0,0.0
Liszt,VI:MAJ,0.0,0.12,0.08,0.08,0.04,0.0,0.04,0.08,0.08,0.16
Liszt,II:DIM,0.0,0.0,0.0,0.0,0.0,0.0,0.0,0.0,0.0,0.0
Liszt,II:MAJ,0.0,0.05263157894736842,0.0,0.05263157894736842,0.10526315789473684,0.0,0.0,0.0,0.0,0.0
Liszt,#IV:MAJ,0.0,0.0,0.0,0.0,0.0,0.0,0.0,0.0,0.0,0.0
Liszt,IV:MIN,0.0,0.06666666666666667,0.06666666666666667,0.0,0.0,0.0,0.0,0.06666666666666667,0.0,0.0
Liszt,#I:DIM,0.0,0.06666666666666667,0.06666666666666667,0.0,0.0,0.0,0.0,0.13333333333333333,0.06666666666666667,0.2
Liszt,III:MAJ,0.07142857142857142,0.07142857142857142,0.0,0.07142857142857142,0.2857142857142857,0.07142857142857142,0.07142857142857142,0.07142857142857142,0.07142857142857142,0.07142857142857142
Liszt,bII:MAJ,0.0,0.0,0.0,0.0,0.0,0.0,0.0,0.0,0.0,0.0
Liszt,III:MIN,0.0,0.0,0.0,0.0,0.0,0.0,0.0,0.0,0.0,0.0
Liszt,bVI:MAJ,0.0,0.0,0.0,0.0,0.0,0.0,0.0,0.0,0.0,0.18181818181818182
Liszt,bIII:MAJ,0.0,0.0,0.0,0.0,0.0,0.0,0.0,0.1,0.0,0.0
Liszt,bVII:MAJ,0.0,0.125,0.0,0.0,0.0,0.0,0.0,0.0,0.0,0.0
Liszt,VI:DIM,0.0,0.0,0.0,0.0,0.0,0.0,0.0,0.0,0.0,0.0
Liszt,VII:MAJ,0.0,0.0,0.0,0.0,0.0,0.0,0.0,0.0,0.0,0.0
Liszt,V:MIN,0.0,0.0,0.0,0.0,0.0,0.0,0.0,0.0,0.0,0.0
Liszt,I:MIN,0.0,0.0,0.0,0.0,0.0,0.0,0.0,0.0,0.0,0.0
Liszt,#II:DIM,0.0,0.0,0.0,0.0,0.0,0.0,0.0,0.0,0.0,0.0
Liszt,#V:DIM,0.0,0.0,0.0,0.0,0.0,0.0,0.0,0.0,0.0,0.0
Liszt,V:DIM,0.0,0.0,0.0,0.0,0.0,0.0,0.0,0.0,0.0,0.0
Liszt,VII:MIN,0.0,0.0,0.0,0.0,0.0,0.0,0.0,0.0,0.0,0.0
Liszt,III:DIM,0.0,0.0,0.0,0.0,0.0,0.0,0.0,0.0,0.0,0.0
Liszt,global,0.4740200546946217,0.4612579762989973,0.47584320875113945,0.45214220601640837,0.45305378304466726,0.44667274384685507,0.4813126709206928,0.4658158614402917,0.4667274384685506,0.46946216955332726
Kozeluh,I:MAJ,0.8975143403441682,0.904397705544933,0.8936902485659656,0.9124282982791587,0.9189292543021033,0.918546845124283,0.9051625239005736,0.9021032504780114,0.9089866156787763,0.9105162523900574
Kozeluh,V:MAJ,0.7727476467951592,0.8964589870013447,0.8614970865082923,0.8337068579112505,0.7722994173016584,0.8735992828328104,0.7584043030031377,0.763334827431645,0.7776781712236666,0.7341999103541013
Kozeluh,IV:MAJ,0.7249712313003452,0.5868814729574223,0.567318757192175,0.5949367088607594,0.6962025316455697,0.5995397008055235,0.6927502876869965,0.6766398158803222,0.6754890678941312,0.6731875719217492
Kozeluh,II:MIN,0.29329608938547486,0.2905027932960894,0.3268156424581006,0.25837988826815644,0.33798882681564246,0.2723463687150838,0.23324022346368714,0.26675977653631283,0.25977653631284914,0.26675977653631283
Kozeluh,VII:DIM,0.004608294930875576,0.0,0.0,0.0,0.020737327188940093,0.02304147465437788,0.0,0.02304147465437788,0.004608294930875576,0.016129032258064516
Kozeluh,VI:MIN,0.18546365914786966,0.19548872180451127,0.19298245614035087,0.18546365914786966,0.19548872180451127,0.19298245614035087,0.19548872180451127,0.18546365914786966,0.19548872180451127,0.19548872180451127
Kozeluh,#IV:DIM,0.01,0.0,0.0,0.0,0.005,0.01,0.01,0.01,0.0,0.0
Kozeluh,II:MAJ,0.0,0.012345679012345678,0.024691358024691357,0.012345679012345678,0.037037037037037035,0.04938271604938271,0.012345679012345678,0.012345679012345678,0.0,0.0
Kozeluh,#I:DIM,0.09782608695652174,0.043478260869565216,0.03260869565217391,0.0,0.043478260869565216,0.021739130434782608,0.043478260869565216,0.043478260869565216,0.03260869565217391,0.021739130434782608
Kozeluh,VI:MAJ,0.16216216216216217,0.0945945945945946,0.06756756756756757,0.06756756756756757,0.04054054054054054,0.0,0.10810810810810811,0.04054054054054054,0.0945945945945946,0.05405405405405406
Kozeluh,#V:DIM,0.046153846153846156,0.0,0.0,0.0,0.0,0.0,0.0,0.0,0.015384615384615385,0.015384615384615385
Kozeluh,I:AUG,0.0,0.0,0.0,0.0,0.0,0.0,0.0,0.0,0.0,0.0
Kozeluh,III:MIN,0.017543859649122806,0.0,0.0,0.0,0.03508771929824561,0.017543859649122806,0.017543859649122806,0.03508771929824561,0.0,0.0
Kozeluh,I:MIN,0.10810810810810811,0.1891891891891892,0.13513513513513514,0.13513513513513514,0.1891891891891892,0.13513513513513514,0.21621621621621623,0.13513513513513514,0.10810810810810811,0.08108108108108109
Kozeluh,III:MAJ,0.05555555555555555,0.1111111111111111,0.08333333333333333,0.08333333333333333,0.1388888888888889,0.08333333333333333,0.1111111111111111,0.1388888888888889,0.16666666666666666,0.1111111111111111
Kozeluh,III:DIM,0.0,0.0,0.0,0.0,0.0,0.0,0.0,0.0,0.0,0.0
Kozeluh,#II:DIM,0.0,0.0,0.0,0.0,0.0,0.0,0.0,0.0,0.0,0.0
Kozeluh,#IV:MAJ,0.0,0.0,0.0,0.0,0.0,0.0,0.0,0.0,0.0,0.0
Kozeluh,II:DIM,0.125,0.0,0.0,0.125,0.0,0.0,0.0,0.0,0.125,0.125
Kozeluh,V:AUG,0.0,0.0,0.0,0.0,0.0,0.0,0.0,0.0,0.0,0.0
Kozeluh,IV:MIN,0.0,0.0,0.0,0.0,0.125,0.0,0.0,0.0,0.0,0.0
Kozeluh,V:MIN,0.0,0.0,0.0,0.0,0.0,0.0,0.0,0.0,0.0,0.0
Kozeluh,bVI:MAJ,0.0,0.0,0.0,0.0,0.0,0.0,0.0,0.0,0.0,0.0
Kozeluh,VI:DIM,0.0,0.0,0.0,0.0,0.0,0.0,0.0,0.0,0.0,0.0
Kozeluh,bVII:MAJ,0.0,0.0,0.0,0.0,0.0,0.0,0.0,0.0,0.0,0.0
Kozeluh,global,0.6157714005396124,0.6358842285994604,0.6233750306597988,0.6178562668628894,0.6241108658327201,0.6346578366445916,0.6052244297277409,0.6068187392690704,0.6116016678930586,0.6003188619082659
Dvorak,I:MAJ,0.8260869565217391,0.8063241106719368,0.7905138339920948,0.7707509881422925,0.758893280632411,0.83399209486166,0.8102766798418972,0.849802371541502,0.7628458498023716,0.7430830039525692
Dvorak,V:MAJ,0.8012820512820513,0.8076923076923077,0.8397435897435898,0.8397435897435898,0.7307692307692307,0.8205128205128205,0.8717948717948718,0.8717948717948718,0.7564102564102564,0.7371794871794872
Dvorak,VII:DIM,0.0,0.0,0.0,0.0,0.0,0.0,0.0,0.016129032258064516,0.0,0.0
Dvorak,IV:MAJ,0.4523809523809524,0.5,0.5,0.47619047619047616,0.5476190476190477,0.47619047619047616,0.38095238095238093,0.38095238095238093,0.4523809523809524,0.5238095238095238
Dvorak,VI:MIN,0.1388888888888889,0.19444444444444445,0.1388888888888889,0.19444444444444445,0.1388888888888889,0.19444444444444445,0.1388888888888889,0.19444444444444445,0.19444444444444445,0.19444444444444445
Dvorak,II:MIN,0.1724137931034483,0.1724137931034483,0.1724137931034483,0.1724137931034483,0.1724137931034483,0.1724137931034483,0.1724137931034483,0.20689655172413793,0.1724137931034483,0.1724137931034483
Dvorak,II:MAJ,0.0,0.0,0.04,0.12,0.04,0.0,0.0,0.08,0.0,0.0
Dvorak,II:DIM,0.0,0.0,0.0,0.0,0.0,0.0,0.0,0.0,0.0,0.0
Dvorak,IV:MIN,0.2,0.4,0.13333333333333333,0.13333333333333333,0.3333333333333333,0.13333333333333333,0.0,0.26666666666666666,0.13333333333333333,0.13333333333333333
Dvorak,#IV:DIM,0.0,0.0,0.0,0.0,0.0,0.0,0.0,0.0,0.0,0.0
Dvorak,VI:MAJ,0.0,0.14285714285714285,0.14285714285714285,0.42857142857142855,0.14285714285714285,0.2857142857142857,0.14285714285714285,0.42857142857142855,0.2857142857142857,0.5714285714285714
Dvorak,III:MAJ,0.0,0.0,0.0,0.0,0.0,0.0,0.0,0.0,0.0,0.0
Dvorak,#IV:MAJ,0.0,0.0,0.0,0.0,0.0,0.0,0.0,0.0,0.0,0.0
Dvorak,bVII:MIN,0.0,0.0,0.0,0.0,0.0,0.0,0.0,0.0,0.0,0.0
Dvorak,V:MIN,0.0,0.0,0.25,0.0,0.0,0.0,0.25,0.0,0.0,0.0
Dvorak,III:MIN,0.0,0.0,0.0,0.0,0.0,0.0,0.0,0.0,0.0,0.0
Dvorak,#V:DIM,0.0,0.0,0.0,0.0,0.0,0.0,0.0,0.0,0.0,0.0
Dvorak,I:AUG,0.0,0.0,0.0,0.0,0.0,0.0,0.0,0.0,0.0,0.0
Dvorak,bVII:MAJ,0.0,0.0,0.0,0.0,0.0,0.0,0.0,0.0,0.0,0.0
Dvorak,#I:DIM,0.0,0.0,0.0,0.0,0.0,0.0,0.0,0.0,0.0,0.0
Dvorak,VII:MAJ,0.0,0.0,0.0,0.0,0.0,0.0,0.0,0.0,0.0,0.0
Dvorak,V:DIM,0.0,0.0,0.0,0.0,0.0,0.0,0.0,0.0,0.0,0.0
Dvorak,I:MIN,0.0,0.0,0.0,0.0,0.0,0.0,0.0,0.0,0.0,0.0
Dvorak,VI:DIM,0.0,0.0,0.0,0.0,0.0,0.0,0.0,0.0,0.0,0.0
Dvorak,bVI:MAJ,0.0,0.0,0.0,0.0,0.0,0.0,0.0,0.0,0.0,0.0
Dvorak,III:DIM,0.0,0.0,0.0,0.0,0.0,0.0,0.0,0.0,0.0,0.0
Dvorak,bIII:MAJ,0.0,0.0,0.0,0.0,0.0,0.0,0.0,0.0,0.0,0.0
Dvorak,global,0.5191489361702127,0.524822695035461,0.5205673758865248,0.5191489361702127,0.4907801418439716,0.5319148936170213,0.5234042553191489,0.5531914893617021,0.4907801418439716,0.48652482269503544
Couperin,I:MAJ,0.8866749688667497,0.8816936488169365,0.9165628891656289,0.8704856787048568,0.8916562889165629,0.9215442092154421,0.9227895392278954,0.9227895392278954,0.9140722291407223,0.9153175591531756
Couperin,V:MAJ,0.8567639257294429,0.7586206896551724,0.8607427055702918,0.8381962864721485,0.8514588859416445,0.8527851458885941,0.8010610079575596,0.8474801061007957,0.876657824933687,0.8567639257294429
Couperin,II:MIN,0.20132013201320131,0.3333333333333333,0.24092409240924093,0.3465346534653465,0.26732673267326734,0.19801980198019803,0.21782178217821782,0.22112211221122113,0.21782178217821782,0.1848184818481848
Couperin,IV:MAJ,0.488,0.548,0.52,0.528,0.532,0.5,0.516,0.516,0.524,0.492
Couperin,VI:MIN,0.0064516129032258064,0.0064516129032258064,0.0064516129032258064,0.0064516129032258064,0.0064516129032258064,0.0064516129032258064,0.0064516129032258064,0.012903225806451613,0.0064516129032258064,0.01935483870967742
Couperin,II:MAJ,0.0,0.029850746268656716,0.0,0.014925373134328358,0.029850746268656716,0.014925373134328358,0.014925373134328358,0.0,0.014925373134328358,0.029850746268656716
Couperin,III:MIN,0.0,0.0,0.0,0.0,0.0,0.0,0.0,0.0,0.0,0.0
Couperin,VII:DIM,0.0,0.0,0.0,0.0,0.0,0.0,0.0,0.0,0.024390243902439025,0.0
Couperin,V:MIN,0.0,0.0,0.0,0.0,0.0,0.0,0.0,0.0,0.0,0.0
Couperin,I:MIN,0.125,0.125,0.25,0.25,0.125,0.375,0.125,0.375,0.25,0.375
Couperin,IV:MIN,0.0,0.0,0.0,0.0,0.0,0.0,0.0,0.14285714285714285,0.0,0.0
Couperin,VI:MAJ,0.0,0.0,0.0,0.0,0.0,0.0,0.0,0.0,0.0,0.0
Couperin,II:DIM,0.0,0.0,0.0,0.0,0.0,0.0,0.0,0.0,0.0,0.0
Couperin,#IV:DIM,0.0,0.0,0.0,0.0,0.0,0.0,0.0,0.0,0.0,0.0
Couperin,III:MAJ,0.0,0.0,0.0,0.0,0.0,0.0,0.0,0.0,0.0,0.0
Couperin,III:DIM,0.0,0.0,0.0,0.0,0.0,0.0,0.0,0.0,0.0,0.0
Couperin,VII:MIN,0.0,0.0,0.0,0.0,0.0,0.0,0.0,0.0,0.0,0.0
Couperin,bVII:MAJ,0.0,0.0,0.0,0.0,0.0,0.0,0.0,0.0,0.0,0.0
Couperin,bVII:MIN,0.0,0.0,0.0,0.0,0.0,0.0,0.0,0.0,0.0,0.0
Couperin,global,0.6241909385113269,0.6156957928802589,0.6436084142394822,0.6359223300970874,0.6375404530744336,0.636326860841424,0.6241909385113269,0.639967637540453,0.6460355987055016,0.6343042071197411
Corelli,I:MAJ,0.8675373134328358,0.8302238805970149,0.8208955223880597,0.8936567164179104,0.8619402985074627,0.8899253731343284,0.8582089552238806,0.8861940298507462,0.9011194029850746,0.8638059701492538
Corelli,V:MAJ,0.8556910569105691,0.8089430894308943,0.7865853658536586,0.8394308943089431,0.8191056910569106,0.8170731707317073,0.8516260162601627,0.7886178861788617,0.6890243902439024,0.7804878048780488
Corelli,IV:MAJ,0.5742574257425742,0.5181518151815182,0.5808580858085809,0.5412541254125413,0.5577557755775577,0.5874587458745875,0.5808580858085809,0.5841584158415841,0.5478547854785478,0.47854785478547857
Corelli,II:MIN,0.26865671641791045,0.10820895522388059,0.22388059701492538,0.2537313432835821,0.23134328358208955,0.3694029850746269,0.2537313432835821,0.12686567164179105,0.1417910447761194,0.2947761194029851
Corelli,VI:MIN,0.08465608465608465,0.07936507936507936,0.07936507936507936,0.08465608465608465,0.07936507936507936,0.08465608465608465,0.08465608465608465,0.07936507936507936,0.08465608465608465,0.07936507936507936
Corelli,VII:DIM,0.0,0.0,0.0,0.0,0.0,0.01904761904761905,0.009523809523809525,0.0,0.0,0.0
Corelli,III:MIN,0.011494252873563218,0.011494252873563218,0.011494252873563218,0.011494252873563218,0.011494252873563218,0.011494252873563218,0.011494252873563218,0.011494252873563218,0.011494252873563218,0.011494252873563218
Corelli,II:MAJ,0.045454545454545456,0.0,0.0,0.06818181818181818,0.045454545454545456,0.09090909090909091,0.0,0.0,0.0,0.06818181818181818
Corelli,III:MAJ,0.0,0.2,0.06666666666666667,0.13333333333333333,0.06666666666666667,0.0,0.06666666666666667,0.0,0.06666666666666667,0.0
Corelli,#IV:DIM,0.0,0.0,0.0,0.0,0.0,0.0,0.0,0.0,0.0,0.0
Corelli,I:MIN,0.125,0.125,0.25,0.125,0.125,0.125,0.125,0.125,0.125,0.25
Corelli,IV:MIN,0.16666666666666666,0.16666666666666666,0.16666666666666666,0.16666666666666666,0.16666666666666666,0.16666666666666666,0.16666666666666666,0.16666666666666666,0.16666666666666666,0.16666666666666666
Corelli,VI:MAJ,0.16666666666666666,0.0,0.0,0.0,0.16666666666666666,0.16666666666666666,0.16666666666666666,0.0,0.16666666666666666,0.0
Corelli,VII:MIN,0.0,0.0,0.0,0.0,0.0,0.0,0.0,0.0,0.0,0.0
Corelli,VII:MAJ,0.0,0.0,0.0,0.0,0.0,0.0,0.25,0.0,0.0,0.0
Corelli,bVI:MAJ,0.0,0.0,0.0,0.0,0.0,0.0,0.0,0.0,0.0,0.0
Corelli,III:DIM,0.0,0.0,0.0,0.0,0.0,0.0,0.0,0.0,0.0,0.0
Corelli,#V:DIM,0.0,0.0,0.0,0.0,0.0,0.0,0.0,0.0,0.0,0.0
Corelli,V:MIN,0.0,0.0,0.0,0.0,0.0,0.0,0.0,0.0,0.0,0.0
Corelli,bIII:MAJ,0.0,0.0,0.0,0.0,0.0,0.0,0.0,0.0,0.0,0.0
Corelli,bII:MAJ,0.0,0.0,0.0,0.0,0.0,0.0,0.0,0.0,0.0,0.0
Corelli,II:DIM,0.0,0.0,0.0,0.0,0.0,0.0,0.0,0.0,0.0,0.0
Corelli,V:DIM,0.0,0.0,0.0,0.0,0.0,0.0,0.0,0.0,0.0,0.0
Corelli,global,0.5516252390057361,0.5019120458891013,0.5176864244741873,0.5487571701720841,0.5344168260038241,0.5650095602294455,0.5478011472275335,0.5219885277246654,0.5004780114722753,0.5224665391969407
Chopin,I:MAJ,0.8376288659793815,0.7938144329896907,0.8247422680412371,0.8466494845360825,0.8079896907216495,0.8118556701030928,0.8118556701030928,0.7835051546391752,0.8672680412371134,0.8466494845360825
Chopin,V:MAJ,0.7567567567567568,0.813655761024182,0.8563300142247511,0.8321479374110953,0.8406827880512091,0.8236130867709816,0.8534850640113798,0.7638691322901849,0.7780938833570412,0.7709815078236131
Chopin,IV:MAJ,0.4628099173553719,0.47520661157024796,0.41735537190082644,0.4132231404958678,0.38016528925619836,0.40082644628099173,0.3760330578512397,0.4628099173553719,0.4049586776859504,0.4793388429752066
Chopin,II:MAJ,0.0430622009569378,0.05263157894736842,0.07655502392344497,0.08133971291866028,0.08133971291866028,0.07177033492822966,0.014354066985645933,0.08133971291866028,0.07655502392344497,0.07177033492822966
Chopin,II:MIN,0.2905027932960894,0.2905027932960894,0.31843575418994413,0.20670391061452514,0.27932960893854747,0.29608938547486036,0.329608938547486,0.31843575418994413,0.26256983240223464,0.329608938547486
Chopin,VI:MIN,0.3188405797101449,0.3333333333333333,0.3333333333333333,0.3333333333333333,0.35507246376811596,0.3333333333333333,0.3333333333333333,0.3333333333333333,0.3333333333333333,0.3333333333333333
Chopin,VII:DIM,0.012195121951219513,0.012195121951219513,0.0,0.036585365853658534,0.12195121951219512,0.012195121951219513,0.0,0.012195121951219513,0.08536585365853659,0.04878048780487805
Chopin,III:MAJ,0.10256410256410256,0.15384615384615385,0.11538461538461539,0.14102564102564102,0.14102564102564102,0.08974358974358974,0.15384615384615385,0.1282051282051282,0.14102564102564102,0.10256410256410256
Chopin,III:MIN,0.5633802816901409,0.4084507042253521,0.43661971830985913,0.4084507042253521,0.5492957746478874,0.4084507042253521,0.36619718309859156,0.4084507042253521,0.4084507042253521,0.4225352112676056
Chopin,VI:MAJ,0.09615384615384616,0.038461538461538464,0.09615384615384616,0.07692307692307693,0.11538461538461539,0.07692307692307693,0.11538461538461539,0.09615384615384616,0.09615384615384616,0.15384615384615385
Chopin,#IV:DIM,0.0,0.0,0.02,0.0,0.0,0.04,0.0,0.0,0.02,0.0
Chopin,II:DIM,0.0,0.0,0.0,0.0,0.021739130434782608,0.0,0.0,0.0,0.0,0.0
Chopin,VII:MAJ,0.13043478260869565,0.0,0.13043478260869565,0.13043478260869565,0.0,0.021739130434782608,0.30434782608695654,0.13043478260869565,0.17391304347826086,0.08695652173913043
Chopin,#II:DIM,0.0,0.0,0.0,0.0,0.0,0.0,0.15384615384615385,0.0,0.0,0.0
Chopin,I:MIN,0.11428571428571428,0.08571428571428572,0.2571428571428571,0.08571428571428572,0.11428571428571428,0.08571428571428572,0.17142857142857143,0.05714285714285714,0.08571428571428572,0.14285714285714285
Chopin,IV:MIN,0.0,0.03225806451612903,0.03225806451612903,0.0967741935483871,0.0,0.06451612903225806,0.12903225806451613,0.0967741935483871,0.06451612903225806,0.06451612903225806
Chopin,#I:DIM,0.20689655172413793,0.034482758620689655,0.20689655172413793,0.0,0.0,0.10344827586206896,0.10344827586206896,0.0,0.20689655172413793,0.0
Chopin,V:MIN,0.0,0.0,0.0,0.0,0.0,0.0,0.0,0.0,0.0,0.0
Chopin,bVI:MAJ,0.0,0.037037037037037035,0.0,0.3333333333333333,0.2962962962962963,0.037037037037037035,0.0,0.0,0.3333333333333333,0.2962962962962963
Chopin,III:DIM,0.0,0.0,0.0,0.0,0.0,0.0,0.0,0.0,0.0,0.0
Chopin,bVII:MAJ,0.0,0.0,0.0,0.0,0.0,0.0,0.0,0.0,0.0,0.0
Chopin,bII:MAJ,0.0,0.0,0.0,0.0,0.0,0.0,0.0,0.0,0.0,0.0
Chopin,#IV:MAJ,0.0,0.0,0.0,0.0,0.0,0.0,0.0,0.0,0.0,0.0
Chopin,#V:DIM,0.0,0.0,0.0,0.0,0.0,0.0,0.0,0.0,0.0,0.0
Chopin,I:AUG,0.0,0.0,0.0,0.0,0.0,0.0,0.0,0.0,0.0,0.0
Chopin,VI:DIM,0.0,0.0,0.0,0.0,0.0,0.0,0.0,0.0,0.0,0.0
Chopin,bIII:MAJ,0.125,0.25,0.125,0.0,0.0,0.0,0.0,0.0,0.125,0.0
Chopin,VII:MIN,0.0,0.0,0.0,0.0,0.0,0.0,0.0,0.0,0.0,0.0
Chopin,V:DIM,0.0,0.0,0.0,0.0,0.0,0.0,0.0,0.0,0.0,0.0
Chopin,global,0.4954499494438827,0.49342770475227504,0.5160094371418942,0.5089315807212673,0.5072463768115942,0.49646107178968657,0.5075834175935288,0.482979440512302,0.5085945399393327,0.5069093360296596
Beethoven,I:MAJ,0.9070265638389031,0.8980291345329906,0.9027420736932305,0.9151670951156813,0.9241645244215938,0.8800342759211653,0.8898886032562126,0.919451585261354,0.8821765209940017,0.8924592973436161
Beethoven,V:MAJ,0.7970615243342516,0.8549127640036731,0.8236914600550964,0.8539944903581267,0.8333333333333334,0.7855831037649219,0.8057851239669421,0.8393021120293848,0.7644628099173554,0.8475665748393021
Beethoven,II:MIN,0.3318452380952381,0.37351190476190477,0.3556547619047619,0.34523809523809523,0.34375,0.37648809523809523,0.32589285714285715,0.37648809523809523,0.38392857142857145,0.3913690476190476
Beethoven,IV:MAJ,0.5164835164835165,0.478806907378336,0.5729984301412873,0.5007849293563579,0.5007849293563579,0.6232339089481946,0.5698587127158555,0.45368916797488223,0.5902668759811617,0.4803767660910518
Beethoven,VII:DIM,0.005870841487279843,0.0019569471624266144,0.003913894324853229,0.0019569471624266144,0.0136986301369863,0.007827788649706457,0.009784735812133072,0.007827788649706457,0.003913894324853229,0.0019569471624266144
Beethoven,VI:MIN,0.3831578947368421,0.40421052631578946,0.40842105263157896,0.40842105263157896,0.4189473684210526,0.4063157894736842,0.4168421052631579,0.4063157894736842,0.4,0.4147368421052632
Beethoven,II:MAJ,0.01948051948051948,0.02922077922077922,0.032467532467532464,0.03896103896103896,0.045454545454545456,0.05844155844155844,0.03571428571428571,0.01948051948051948,0.02922077922077922,0.01948051948051948
Beethoven,III:MAJ,0.2747747747747748,0.32432432432432434,0.4954954954954955,0.5,0.38288288288288286,0.36936936936936937,0.42342342342342343,0.3063063063063063,0.38288288288288286,0.33783783783783783
Beethoven,#IV:DIM,0.05092592592592592,0.023148148148148147,0.004629629629629629,0.013888888888888888,0.004629629629629629,0.09259259259259259,0.037037037037037035,0.004629629629629629,0.09259259259259259,0.0
Beethoven,VI:MAJ,0.16022099447513813,0.17679558011049723,0.09392265193370165,0.16574585635359115,0.055248618784530384,0.03867403314917127,0.16574585635359115,0.06077348066298342,0.1270718232044199,0.2154696132596685
Beethoven,III:MIN,0.23295454545454544,0.22727272727272727,0.26704545454545453,0.19318181818181818,0.3068181818181818,0.2727272727272727,0.3181818181818182,0.26704545454545453,0.23295454545454544,0.2784090909090909
Beethoven,#I:DIM,0.12121212121212122,0.0,0.05303030303030303,0.09090909090909091,0.06060606060606061,0.06818181818181818,0.09848484848484848,0.06060606060606061,0.11363636363636363,0.015151515151515152
Beethoven,I:MIN,0.2702702702702703,0.21621621621621623,0.25225225225225223,0.24324324324324326,0.24324324324324326,0.25225225225225223,0.24324324324324326,0.02702702702702703,0.21621621621621623,0.1891891891891892
Beethoven,#V:DIM,0.06,0.0,0.0,0.01,0.06,0.01,0.0,0.03,0.02,0.0
Beethoven,bVII:MAJ,0.0963855421686747,0.024096385542168676,0.0,0.012048192771084338,0.0,0.0,0.0,0.0,0.024096385542168676,0.012048192771084338
Beethoven,IV:MIN,0.07692307692307693,0.2564102564102564,0.20512820512820512,0.28205128205128205,0.24358974358974358,0.20512820512820512,0.20512820512820512,0.10256410256410256,0.16666666666666666,0.3076923076923077
Beethoven,III:DIM,0.0,0.0,0.0,0.0,0.0,0.0,0.0,0.0,0.0,0.0
Beethoven,VII:MAJ,0.0,0.09090909090909091,0.16666666666666666,0.0,0.015151515151515152,0.15151515151515152,0.015151515151515152,0.06060606060606061,0.06060606060606061,0.0
Beethoven,#II:DIM,0.0,0.0,0.0,0.0,0.0,0.0,0.015384615384615385,0.0,0.0,0.0
Beethoven,V:MIN,0.0,0.015384615384615385,0.0,0.0,0.0,0.0,0.0,0.0,0.0,0.0
Beethoven,bIII:MAJ,0.0,0.14545454545454545,0.16363636363636364,0.0,0.4727272727272727,0.10909090909090909,0.0,0.0,0.09090909090909091,0.07272727272727272
Beethoven,bVI:MAJ,0.057692307692307696,0.15384615384615385,0.07692307692307693,0.09615384615384616,0.0,0.07692307692307693,0.40384615384615385,0.0,0.057692307692307696,0.34615384615384615
Beethoven,#IV:MAJ,0.0,0.0,0.0,0.0,0.0,0.02564102564102564,0.0,0.0,0.0,0.0
Beethoven,II:DIM,0.02631578947368421,0.0,0.02631578947368421,0.05263157894736842,0.02631578947368421,0.0,0.02631578947368421,0.05263157894736842,0.0,0.0
Beethoven,I:AUG,0.0,0.0,0.0,0.0,0.0,0.0,0.0,0.0,0.0,0.0
Beethoven,bII:MAJ,0.0,0.0,0.0,0.0,0.0,0.0,0.0,0.0,0.0,0.0
Beethoven,V:AUG,0.0,0.0,0.0,0.0,0.0,0.0,0.0,0.0,0.0,0.0
Beethoven,VI:DIM,0.0,0.0,0.0,0.0,0.0,0.0,0.0,0.0,0.0,0.0
Beethoven,VII:MIN,0.0,0.0,0.0,0.0,0.0,0.0,0.0,0.0,0.0,0.0
Beethoven,bVII:MIN,0.0,0.0,0.0,0.0,0.0,0.0,0.0,0.0,0.0,0.0
Beethoven,global,0.5376271944537627,0.5517164262551716,0.5548473666554847,0.559320138655932,0.556860114055686,0.5436654366543665,0.5474672928547467,0.5450072682545007,0.5362853628536285,0.5518282455551828
Wagner,V:MAJ,0.6589147286821705,0.49612403100775193,0.6589147286821705,0.7131782945736435,0.7364341085271318,0.6046511627906976,0.7364341085271318,0.689922480620155,0.6511627906976745,0.7364341085271318
Wagner,I:MAJ,0.7090909090909091,0.7545454545454545,0.7181818181818181,0.6727272727272727,0.7272727272727273,0.7454545454545455,0.6454545454545455,0.7363636363636363,0.7,0.6454545454545455
Wagner,VII:DIM,0.0,0.0,0.0,0.0,0.0,0.0,0.0,0.0,0.011111111111111112,0.0
Wagner,II:MIN,0.25,0.25,0.29545454545454547,0.23863636363636365,0.3068181818181818,0.2840909090909091,0.25,0.22727272727272727,0.26136363636363635,0.22727272727272727
Wagner,VI:MIN,0.18309859154929578,0.18309859154929578,0.18309859154929578,0.18309859154929578,0.18309859154929578,0.18309859154929578,0.18309859154929578,0.18309859154929578,0.18309859154929578,0.18309859154929578
Wagner,#IV:DIM,0.01639344262295082,0.03278688524590164,0.03278688524590164,0.0,0.04918032786885246,0.06557377049180328,0.01639344262295082,0.03278688524590164,0.0,0.01639344262295082
Wagner,IV:MAJ,0.21818181818181817,0.2727272727272727,0.2727272727272727,0.23636363636363636,0.23636363636363636,0.23636363636363636,0.2909090909090909,0.23636363636363636,0.21818181818181817,0.23636363636363636
Wagner,II:MAJ,0.05405405405405406,0.02702702702702703,0.13513513513513514,0.13513513513513514,0.05405405405405406,0.08108108108108109,0.08108108108108109,0.02702702702702703,0.08108108108108109,0.10810810810810811
Wagner,III:MIN,0.12903225806451613,0.12903225806451613,0.12903225806451613,0.0967741935483871,0.0967741935483871,0.0967741935483871,0.0967741935483871,0.12903225806451613,0.12903225806451613,0.0967741935483871
Wagner,#V:DIM,0.0,0.0,0.0,0.0,0.0,0.0,0.04,0.0,0.0,0.0
Wagner,VI:MAJ,0.0,0.043478260869565216,0.0,0.0,0.0,0.043478260869565216,0.043478260869565216,0.043478260869565216,0.043478260869565216,0.0
Wagner,III:MAJ,0.0,0.0,0.0,0.0,0.0,0.0,0.0,0.0,0.0,0.0
Wagner,#I:DIM,0.07142857142857142,0.14285714285714285,0.0,0.07142857142857142,0.07142857142857142,0.0,0.14285714285714285,0.07142857142857142,0.0,0.14285714285714285
Wagner,VII:MAJ,0.0,0.0,0.0,0.0,0.0,0.0,0.0,0.0,0.0,0.0
Wagner,V:MIN,0.0,0.0,0.0,0.0,0.0,0.0,0.0,0.0,0.0,0.0
Wagner,bVII:MAJ,0.0,0.0,0.0,0.0,0.0,0.0,0.0,0.0,0.0,0.0
Wagner,III:DIM,0.0,0.0,0.0,0.0,0.0,0.0,0.0,0.0,0.0,0.0
Wagner,IV:MIN,0.2,0.2,0.0,0.2,0.2,0.2,0.2,0.2,0.0,0.0
Wagner,#II:DIM,0.4,0.0,0.0,0.0,0.0,0.0,0.0,0.0,0.0,0.0
Wagner,II:DIM,0.0,0.25,0.0,0.0,0.0,0.0,0.0,0.0,0.0,0.0
Wagner,VII:MIN,0.0,0.0,0.0,0.0,0.0,0.0,0.0,0.0,0.0,0.0
Wagner,VI:DIM,0.0,0.0,0.0,0.0,0.0,0.0,0.0,0.0,0.0,0.0
Wagner,I:AUG,0.0,0.0,0.0,0.0,0.0,0.0,0.0,0.0,0.0,0.0
Wagner,I:MIN,0.0,0.0,0.0,0.0,0.0,0.0,0.0,0.0,0.0,0.0
Wagner,bIII:MAJ,0.0,0.0,0.0,0.0,0.0,0.0,0.0,0.0,0.0,0.0
Wagner,V:AUG,0.0,0.0,0.0,0.0,0.0,0.0,0.0,0.0,0.0,0.0
Wagner,#IV:MAJ,0.0,0.0,0.0,0.0,0.0,0.0,0.0,0.0,0.0,0.0
Wagner,bVI:MAJ,0.0,0.0,1.0,1.0,1.0,1.0,1.0,1.0,1.0,1.0
Wagner,bVII:MIN,0.0,0.0,0.0,0.0,0.0,0.0,0.0,0.0,0.0,0.0
Wagner,global,0.27183271832718325,0.2570725707257073,0.2829028290282903,0.27552275522755226,0.2939729397293973,0.27552275522755226,0.2829028290282903,0.27921279212792127,0.2693726937269373,0.2742927429274293
Sweelinck,global,0.0,0.0,0.0,0.0,0.0,0.0,0.0,0.0,0.0,0.0
Schtz,I:MAJ,0.7361516034985423,0.6822157434402333,0.6166180758017493,0.6064139941690962,0.6822157434402333,0.7419825072886297,0.673469387755102,0.6443148688046647,0.6618075801749271,0.5728862973760933
Schtz,IV:MAJ,0.42528735632183906,0.41839080459770117,0.3816091954022989,0.45977011494252873,0.4,0.4482758620689655,0.45057471264367815,0.39770114942528734,0.3816091954022989,0.4413793103448276
Schtz,V:MAJ,0.7482517482517482,0.6923076923076923,0.696969696969697,0.6013986013986014,0.6526806526806527,0.7435897435897436,0.6993006993006993,0.6573426573426573,0.7062937062937062,0.6410256410256411
Schtz,II:MIN,0.31690140845070425,0.3615023474178404,0.3732394366197183,0.3755868544600939,0.3051643192488263,0.323943661971831,0.3333333333333333,0.3215962441314554,0.3544600938967136,0.3215962441314554
Schtz,VI:MIN,0.06666666666666667,0.0625,0.07916666666666666,0.05,0.08333333333333333,0.06666666666666667,0.06666666666666667,0.0625,0.05416666666666667,0.05
Schtz,VI:MAJ,0.49714285714285716,0.30857142857142855,0.2914285714285714,0.3142857142857143,0.36,0.2571428571428571,0.4,0.18857142857142858,0.44,0.2057142857142857
Schtz,V:MIN,0.0,0.0,0.0,0.0,0.02564102564102564,0.0,0.0,0.0,0.0,0.0
Schtz,II:MAJ,0.1118421052631579,0.02631578947368421,0.039473684210526314,0.05263157894736842,0.02631578947368421,0.10526315789473684,0.046052631578947366,0.019736842105263157,0.02631578947368421,0.046052631578947366
Schtz,bVII:MAJ,0.0,0.0,0.0,0.0,0.0,0.0,0.0,0.0,0.0,0.0
Schtz,III:MIN,0.010869565217391304,0.010869565217391304,0.010869565217391304,0.010869565217391304,0.010869565217391304,0.010869565217391304,0.010869565217391304,0.010869565217391304,0.010869565217391304,0.010869565217391304
Schtz,VII:DIM,0.0,0.0,0.019230769230769232,0.019230769230769232,0.0,0.0,0.0,0.0,0.0,0.019230769230769232
Schtz,III:MAJ,0.0,0.0,0.0,0.02631578947368421,0.02631578947368421,0.02631578947368421,0.0,0.0,0.02631578947368421,0.02631578947368421
Schtz,III:DIM,0.0,0.0,0.0,0.0,0.0,0.0,0.0,0.0,0.0,0.0
Schtz,bIII:MAJ,0.0,0.0,0.0,0.0,0.0,0.0,0.058823529411764705,0.0,0.0,0.0
Schtz,I:MIN,0.047619047619047616,0.047619047619047616,0.047619047619047616,0.047619047619047616,0.047619047619047616,0.047619047619047616,0.047619047619047616,0.047619047619047616,0.047619047619047616,0.047619047619047616
Schtz,#IV:DIM,0.0,0.10526315789473684,0.0,0.0,0.0,0.10526315789473684,0.0,0.0,0.10526315789473684,0.0
Schtz,#I:DIM,0.0,0.0,0.07142857142857142,0.07142857142857142,0.07142857142857142,0.0,0.07142857142857142,0.2857142857142857,0.0,0.0
Schtz,VII:MIN,0.0,0.0,0.0,0.0,0.0,0.0,0.0,0.0,0.0,0.0
Schtz,VII:MAJ,0.0,0.2857142857142857,0.0,0.0,0.0,0.0,0.0,0.0,0.0,0.0
Schtz,VI:DIM,0.0,0.0,0.0,0.0,0.0,0.0,0.0,0.0,0.0,0.0
Schtz,#IV:MAJ,0.0,0.0,0.0,0.0,0.0,0.0,0.0,0.0,0.0,0.0
Schtz,#V:DIM,0.0,0.0,0.0,0.0,0.0,0.0,0.0,0.0,0.0,0.0
Schtz,IV:MIN,0.0,0.0,0.0,0.0,0.0,0.0,0.0,0.0,0.0,0.0
Schtz,bVI:MAJ,0.0,0.0,0.0,0.0,0.0,0.0,0.0,0.0,0.0,0.0
Schtz,global,0.3987421383647799,0.3710691823899371,0.3544025157232704,0.350314465408805,0.36069182389937104,0.3908805031446541,0.3767295597484277,0.3430817610062893,0.36886792452830186,0.3320754716981132
Medtner,I:MAJ,0.7602739726027398,0.6986301369863014,0.726027397260274,0.7054794520547946,0.702054794520548,0.7602739726027398,0.7054794520547946,0.7226027397260274,0.7534246575342466,0.7157534246575342
Medtner,V:MAJ,0.6171003717472119,0.7546468401486989,0.6802973977695167,0.7137546468401487,0.6951672862453532,0.6840148698884758,0.7100371747211895,0.6988847583643123,0.6282527881040892,0.7063197026022305
Medtner,IV:MAJ,0.4502923976608187,0.4152046783625731,0.3567251461988304,0.38011695906432746,0.4269005847953216,0.4619883040935672,0.3567251461988304,0.40350877192982454,0.4444444444444444,0.38596491228070173
Medtner,II:MIN,0.22023809523809523,0.21428571428571427,0.22023809523809523,0.19047619047619047,0.25,0.21428571428571427,0.23809523809523808,0.22023809523809523,0.23809523809523808,0.19642857142857142
Medtner,VI:MIN,0.13432835820895522,0.13432835820895522,0.13432835820895522,0.13432835820895522,0.1417910447761194,0.13432835820895522,0.13432835820895522,0.14925373134328357,0.13432835820895522,0.13432835820895522
Medtner,VII:DIM,0.0,0.01639344262295082,0.01639344262295082,0.0,0.0,0.0,0.0,0.0,0.0,0.0
Medtner,III:MIN,0.13333333333333333,0.13333333333333333,0.13333333333333333,0.13333333333333333,0.13333333333333333,0.13333333333333333,0.13333333333333333,0.17777777777777778,0.13333333333333333,0.13333333333333333
Medtner,II:MAJ,0.045454545454545456,0.06818181818181818,0.06818181818181818,0.045454545454545456,0.06818181818181818,0.022727272727272728,0.06818181818181818,0.0,0.09090909090909091,0.06818181818181818
Medtner,VI:MAJ,0.0625,0.03125,0.0,0.0625,0.0,0.0,0.03125,0.09375,0.0,0.0
Medtner,III:MAJ,0.1875,0.09375,0.28125,0.1875,0.03125,0.09375,0.21875,0.15625,0.28125,0.09375
Medtner,bIII:MAJ,0.0,0.03571428571428571,0.0,0.10714285714285714,0.0,0.0,0.0,0.0,0.17857142857142858,0.0
Medtner,bVII:MAJ,0.0,0.0,0.0,0.07692307692307693,0.0,0.0,0.07692307692307693,0.038461538461538464,0.0,0.0
Medtner,IV:MIN,0.043478260869565216,0.2608695652173913,0.13043478260869565,0.2608695652173913,0.08695652173913043,0.08695652173913043,0.34782608695652173,0.043478260869565216,0.21739130434782608,0.13043478260869565
Medtner,II:DIM,0.0,0.0,0.09523809523809523,0.0,0.0,0.0,0.14285714285714285,0.0,0.0,0.0
Medtner,I:MIN,0.05,0.0,0.05,0.05,0.05,0.1,0.0,0.0,0.05,0.05
Medtner,bVI:MAJ,0.3684210526315789,0.2631578947368421,0.3684210526315789,0.3684210526315789,0.3157894736842105,0.2631578947368421,0.2631578947368421,0.10526315789473684,0.21052631578947367,0.0
Medtner,VII:MAJ,0.05263157894736842,0.0,0.21052631578947367,0.05263157894736842,0.05263157894736842,0.05263157894736842,0.21052631578947367,0.0,0.05263157894736842,0.05263157894736842
Medtner,#IV:DIM,0.0,0.0625,0.0,0.0,0.0,0.0,0.0,0.0,0.0,0.125
Medtner,V:MIN,0.0,0.0,0.0,0.0,0.0,0.0,0.0,0.0,0.0,0.0
Medtner,VII:MIN,0.0,0.0,0.0,0.0,0.0,0.0,0.0,0.0,0.0,0.0
Medtner,bII:MAJ,0.0,0.0,0.0,0.0,0.0,0.0,0.0,0.0,0.0,0.0
Medtner,#V:DIM,0.0,0.0,0.0,0.08333333333333333,0.0,0.0,0.0,0.0,0.0,0.0
Medtner,III:DIM,0.0,0.0,0.0,0.0,0.0,0.0,0.0,0.0,0.0,0.0
Medtner,#I:DIM,0.0,0.0,0.0,0.0,0.0,0.0,0.0,0.0,0.0,0.0
Medtner,#IV:MAJ,0.0,0.0,0.0,0.0,0.0,0.0,0.0,0.0,0.0,0.0
Medtner,V:DIM,0.0,0.0,0.0,0.0,0.0,0.0,0.0,0.0,0.0,0.0
Medtner,VI:DIM,0.0,0.0,0.0,0.0,0.0,0.0,0.0,0.0,0.0,0.0
Medtner,bVII:MIN,0.0,0.0,0.0,0.0,0.0,0.0,0.0,0.0,0.0,0.0
Medtner,I:AUG,0.0,0.0,0.0,0.0,0.0,0.0,0.0,0.0,0.0,0.0
Medtner,#II:DIM,0.0,0.0,0.0,0.0,0.0,0.0,0.0,0.0,0.0,0.0
Medtner,V:AUG,0.0,0.0,0.0,0.0,0.0,0.0,0.0,0.0,0.0,0.0
Medtner,global,0.356629653821032,0.3651208360548661,0.3572828216851731,0.35924232527759636,0.356629653821032,0.3651208360548661,0.36250816459830176,0.3559764859568909,0.364467668190725,0.34944480731548005
Grieg,V:MAJ,0.6793557833089312,0.5739385065885798,0.6251830161054173,0.7174231332357247,0.657393850658858,0.7335285505124451,0.7686676427525623,0.6749633967789166,0.6134699853587116,0.6808199121522694
Grieg,I:MAJ,0.7422680412371134,0.7697594501718213,0.7594501718213058,0.6993127147766323,0.7336769759450171,0.7233676975945017,0.7439862542955327,0.7147766323024055,0.7525773195876289,0.7405498281786942
Grieg,IV:MAJ,0.3501683501683502,0.4208754208754209,0.4276094276094276,0.367003367003367,0.3265993265993266,0.367003367003367,0.35353535353535354,0.39730639730639733,0.3569023569023569,0.39057239057239057
Grieg,II:MIN,0.14022140221402213,0.1070110701107011,0.15129151291512916,0.12546125461254612,0.14022140221402213,0.11808118081180811,0.12546125461254612,0.14391143911439114,0.14760147601476015,0.0959409594095941
Grieg,VI:MIN,0.14224137931034483,0.14655172413793102,0.15086206896551724,0.13793103448275862,0.14655172413793102,0.1336206896551724,0.14224137931034483,0.14224137931034483,0.14224137931034483,0.14224137931034483
Grieg,II:MAJ,0.06629834254143646,0.011049723756906077,0.049723756906077346,0.055248618784530384,0.049723756906077346,0.08839779005524862,0.04419889502762431,0.17679558011049723,0.022099447513812154,0.06629834254143646
Grieg,III:MIN,0.21505376344086022,0.2903225806451613,0.15053763440860216,0.17204301075268819,0.21505376344086022,0.1827956989247312,0.27956989247311825,0.21505376344086022,0.17204301075268819,0.20430107526881722
Grieg,VII:DIM,0.0,0.0,0.0,0.0,0.06976744186046512,0.0,0.0,0.0,0.0,0.0
Grieg,#IV:DIM,0.03333333333333333,0.05,0.0,0.0,0.016666666666666666,0.0,0.0,0.06666666666666667,0.0,0.016666666666666666
Grieg,III:MAJ,0.21428571428571427,0.19642857142857142,0.17857142857142858,0.14285714285714285,0.14285714285714285,0.17857142857142858,0.17857142857142858,0.14285714285714285,0.17857142857142858,0.14285714285714285
Grieg,VII:MAJ,0.17073170731707318,0.07317073170731707,0.07317073170731707,0.04878048780487805,0.0975609756097561,0.0975609756097561,0.0975609756097561,0.0975609756097561,0.1951219512195122,0.07317073170731707
Grieg,V:MIN,0.0,0.0,0.0,0.0,0.0,0.0,0.0,0.0,0.0,0.05
Grieg,#I:DIM,0.0,0.05128205128205128,0.0,0.0,0.1282051282051282,0.05128205128205128,0.0,0.0,0.0,0.0
Grieg,bVII:MAJ,0.0,0.0,0.0,0.0,0.0,0.0,0.0,0.0,0.08823529411764706,0.0
Grieg,II:DIM,0.06060606060606061,0.0,0.0,0.0,0.0,0.0,0.0,0.0,0.0,0.0
Grieg,bVI:MAJ,0.125,0.0,0.0,0.0,0.0,0.0,0.0,0.0,0.03125,0.125
Grieg,IV:MIN,0.03571428571428571,0.0,0.0,0.0,0.03571428571428571,0.03571428571428571,0.0,0.0,0.0,0.0
Grieg,VI:MAJ,0.0,0.0,0.07407407407407407,0.0,0.0,0.07407407407407407,0.0,0.1111111111111111,0.07407407407407407,0.07407407407407407
Grieg,I:MIN,0.0,0.0,0.0,0.0,0.0,0.08333333333333333,0.0,0.0,0.0,0.0
Grieg,VI:DIM,0.0,0.0,0.0,0.0,0.0,0.0,0.0,0.0,0.0,0.0
Grieg,bII:MAJ,0.0,0.0,0.0,0.0,0.0,0.0,0.0,0.0,0.0,0.0
Grieg,III:DIM,0.0,0.0,0.0,0.0,0.0,0.0,0.0,0.0,0.0,0.0
Grieg,#II:DIM,0.0,0.0,0.0,0.0,0.0,0.0,0.0,0.0,0.0,0.0
Grieg,bIII:MAJ,0.0,0.0,0.07692307692307693,0.0,0.0,0.0,0.07692307692307693,0.07692307692307693,0.0,0.0
Grieg,VII:MIN,0.0,0.0,0.0,0.0,0.0,0.0,0.0,0.0,0.0,0.0
Grieg,V:AUG,0.0,0.0,0.0,0.0,0.0,0.0,0.0,0.0,0.0,0.0
Grieg,I:AUG,0.0,0.0,0.0,0.0,0.0,0.0,0.0,0.125,0.0,0.0
Grieg,#V:DIM,0.0,0.0,0.0,0.0,0.0,0.0,0.0,0.0,0.0,0.0
Grieg,#IV:MAJ,0.0,0.0,0.0,0.0,0.0,0.0,0.0,0.0,0.0,0.0
Grieg,V:DIM,0.0,0.0,0.0,0.0,0.0,0.0,0.0,0.0,0.0,0.0
Grieg,bVII:MIN,0.0,0.0,0.0,0.0,0.0,0.0,0.0,0.0,0.0,0.0
Grieg,global,0.38145025295109614,0.36290050590219225,0.37470489038785837,0.3736930860033727,0.3706576728499157,0.38718381112984823,0.39763912310286675,0.3844856661045531,0.3642495784148398,0.3784148397976391
Gesualdo,I:MAJ,0.5,0.3333333333333333,0.25,0.5833333333333334,0.3333333333333333,0.25,0.4166666666666667,0.25,0.3333333333333333,0.5
Gesualdo,V:MAJ,0.5555555555555556,0.6666666666666666,0.5555555555555556,0.2222222222222222,0.3333333333333333,0.5555555555555556,0.5555555555555556,0.5555555555555556,0.5555555555555556,0.7777777777777778
Gesualdo,III:MIN,0.0,0.0,0.0,0.0,0.0,0.0,0.0,0.0,0.0,0.0
Gesualdo,VI:MIN,0.0,0.0,0.0,0.0,0.0,0.0,0.0,0.125,0.0,0.0
Gesualdo,IV:MAJ,0.0,0.0,0.0,0.0,0.25,0.0,0.0,0.0,0.0,0.0
Gesualdo,III:MAJ,0.0,0.0,0.0,0.0,0.0,0.0,0.0,0.0,0.0,0.0
Gesualdo,II:MAJ,0.0,0.0,0.0,0.0,0.0,0.0,0.0,0.0,0.0,0.0
Gesualdo,global,0.24444444444444444,0.2222222222222222,0.17777777777777778,0.2,0.17777777777777778,0.17777777777777778,0.2222222222222222,0.2,0.2,0.28888888888888886
Debussy,V:MAJ,0.5490196078431373,0.5098039215686274,0.49019607843137253,0.6862745098039216,0.5098039215686274,0.5686274509803921,0.45098039215686275,0.43137254901960786,0.5490196078431373,0.5490196078431373
Debussy,I:MAJ,0.7045454545454546,0.7045454545454546,0.75,0.6818181818181818,0.6590909090909091,0.6136363636363636,0.6818181818181818,0.7272727272727273,0.7045454545454546,0.7045454545454546
Debussy,II:MIN,0.02857142857142857,0.11428571428571428,0.05714285714285714,0.08571428571428572,0.0,0.05714285714285714,0.14285714285714285,0.02857142857142857,0.0,0.05714285714285714
Debussy,IV:MAJ,0.25806451612903225,0.2903225806451613,0.3548387096774194,0.2903225806451613,0.3548387096774194,0.3225806451612903,0.25806451612903225,0.3225806451612903,0.2903225806451613,0.1935483870967742
Debussy,III:MIN,0.0,0.0,0.0,0.0,0.0,0.0,0.0,0.0,0.0,0.0
Debussy,VI:MIN,0.17391304347826086,0.17391304347826086,0.17391304347826086,0.17391304347826086,0.17391304347826086,0.21739130434782608,0.17391304347826086,0.17391304347826086,0.17391304347826086,0.17391304347826086
Debussy,VII:DIM,0.06666666666666667,0.06666666666666667,0.0,0.0,0.0,0.0,0.06666666666666667,0.0,0.0,0.06666666666666667
Debussy,bIII:MAJ,0.0,0.0,0.0,0.0,0.0,0.0,0.0,0.0,0.0,0.0
Debussy,III:DIM,0.0,0.0,0.0,0.0,0.0,0.0,0.0,0.0,0.0,0.0
Debussy,I:AUG,0.0,0.0,0.0,0.0,0.0,0.0,0.0,0.0,0.0,0.0
Debussy,III:MAJ,0.0,0.0,0.0,0.0,0.0,0.0,0.0,0.0,0.0,0.0
Debussy,I:MIN,0.0,0.0,0.0,0.0,0.0,0.0,0.0,0.0,0.0,0.0
Debussy,II:MAJ,0.0,0.0,0.0,0.0,0.0,0.0,0.0,0.0,0.0,0.0
Debussy,bVII:MAJ,0.0,0.0,0.0,0.0,0.0,0.0,0.0,0.0,0.0,0.0
Debussy,#IV:DIM,0.0,0.0,0.0,0.0,0.0,0.0,0.0,0.0,0.0,0.0
Debussy,#V:DIM,0.0,0.0,0.0,0.0,0.0,0.0,0.0,0.0,0.0,0.0
Debussy,V:AUG,0.0,0.0,0.0,0.0,0.0,0.0,0.0,0.0,0.0,0.0
Debussy,global,0.29435483870967744,0.3024193548387097,0.3024193548387097,0.32661290322580644,0.28225806451612906,0.29435483870967744,0.2862903225806452,0.2782258064516129,0.2903225806451613,0.2903225806451613
Bach,I:MAJ,0.8405063291139241,0.8873417721518987,0.8784810126582279,0.8367088607594937,0.8253164556962025,0.8379746835443038,0.8278481012658228,0.8151898734177215,0.8493670886075949,0.8405063291139241
Bach,V:MAJ,0.803921568627451,0.7717086834733894,0.5532212885154062,0.7871148459383753,0.7787114845938375,0.8151260504201681,0.8361344537815126,0.7521008403361344,0.7927170868347339,0.8151260504201681
Bach,IV:MAJ,0.613941018766756,0.5442359249329759,0.6193029490616622,0.5978552278820375,0.6032171581769437,0.6327077747989276,0.5495978552278821,0.6166219839142091,0.579088471849866,0.5737265415549598
Bach,II:MIN,0.415929203539823,0.25663716814159293,0.43952802359882004,0.3893805309734513,0.32448377581120946,0.39233038348082594,0.3805309734513274,0.415929203539823,0.3215339233038348,0.35103244837758113
Bach,VI:MIN,0.3009118541033435,0.303951367781155,0.303951367781155,0.3009118541033435,0.2887537993920973,0.3009118541033435,0.2978723404255319,0.3009118541033435,0.2978723404255319,0.3009118541033435
Bach,VII:DIM,0.017605633802816902,0.0035211267605633804,0.04225352112676056,0.0,0.0035211267605633804,0.007042253521126761,0.017605633802816902,0.0035211267605633804,0.0,0.0035211267605633804
Bach,II:MAJ,0.12550607287449392,0.016194331983805668,0.020242914979757085,0.044534412955465584,0.008097165991902834,0.024291497975708502,0.020242914979757085,0.08906882591093117,0.012145748987854251,0.08097165991902834
Bach,#IV:DIM,0.0,0.0,0.041666666666666664,0.0,0.0,0.008333333333333333,0.008333333333333333,0.016666666666666666,0.008333333333333333,0.008333333333333333
Bach,VI:MAJ,0.27184466019417475,0.1650485436893204,0.36893203883495146,0.3592233009708738,0.24271844660194175,0.17475728155339806,0.44660194174757284,0.11650485436893204,0.33980582524271846,0.33980582524271846
Bach,III:MAJ,0.15841584158415842,0.2079207920792079,0.25742574257425743,0.21782178217821782,0.2079207920792079,0.22772277227722773,0.1782178217821782,0.25742574257425743,0.12871287128712872,0.18811881188118812
Bach,III:MIN,0.08045977011494253,0.11494252873563218,0.09195402298850575,0.06896551724137931,0.09195402298850575,0.08045977011494253,0.08045977011494253,0.05747126436781609,0.034482758620689655,0.06896551724137931
Bach,III:DIM,0.0,0.0,0.0,0.0,0.0,0.0,0.0,0.014285714285714285,0.0,0.0
Bach,#I:DIM,0.22413793103448276,0.15517241379310345,0.0,0.10344827586206896,0.034482758620689655,0.0,0.13793103448275862,0.017241379310344827,0.08620689655172414,0.0
Bach,V:MIN,0.0,0.0,0.0,0.0,0.018518518518518517,0.018518518518518517,0.0,0.0,0.0,0.0
Bach,#V:DIM,0.0,0.0,0.018867924528301886,0.0,0.0,0.0,0.0,0.09433962264150944,0.0,0.05660377358490566
Bach,bVII:MAJ,0.0,0.0,0.0,0.0,0.0,0.0,0.0,0.0,0.0,0.0
Bach,VII:MIN,0.0,0.0,0.0,0.0,0.0,0.0,0.0,0.0,0.0,0.0
Bach,IV:MIN,0.1111111111111111,0.0,0.0,0.0,0.0,0.0,0.1111111111111111,0.1111111111111111,0.0,0.0
Bach,I:MIN,0.0,0.0,0.0,0.0,0.0,0.0,0.0,0.0,0.0,0.0
Bach,bVI:MAJ,0.0,0.0,0.0,0.0,0.0,0.0,0.0,0.0,0.0,0.0
Bach,VII:MAJ,0.5,0.0,0.5,0.25,0.0,0.25,0.5,0.0,0.5,0.0
Bach,#II:DIM,0.0,0.0,0.0,0.0,0.0,0.0,0.0,0.0,0.0,0.0
Bach,VI:DIM,0.0,0.0,0.0,0.0,0.0,0.0,0.0,0.0,0.0,0.0
Bach,bIII:MAJ,0.0,0.0,0.0,0.0,0.0,0.0,0.0,0.0,0.0,0.0
Bach,II:DIM,0.0,0.0,0.0,0.0,0.0,0.0,0.0,0.0,0.0,0.0
Bach,I:AUG,0.0,0.0,0.0,0.0,0.0,0.0,0.0,0.0,0.0,0.0
Bach,global,0.47531512605042014,0.4474789915966387,0.4375,0.46218487394957986,0.44590336134453784,0.4650735294117647,0.46638655462184875,0.4535189075630252,0.4522058823529412,0.4629726890756303
